month_key,level_1,company_id,avg_dpp_per_invoice,monthly_spend_volatility,total_dpp,total_inbound_tax_invoices,total_vat,ammend_rate,approval_rate,friction_value_ratio,hard_failure_rate,top_1_vendor_share,top_5_vendor_share,unique_vendors,vendor_concentration_index,vendor_repeat_rate,monthly_spend_volatility_z,ammend_rate_z,friction_value_ratio_z,hard_failure_rate_z,vendor_concentration_index_z,company_risk_score,company_profile,alert
2025-01-01,9,C001,76306886,0.619,467014547,202,45262516,0.123,0.833,0.043,0.098,0.319,0.348,24,2822,0.893,1.4586027537774344,2.0151121907218785,-1.3727244354574524,1.646068617605677,0.3127137345446612,0.8119545722384398,High Risk,"['Low invoice quality', 'High spend volatility', 'High amendment rate']"
2025-01-01,13,C002,39115133,0.598,577453859,110,61487697,0.16,0.782,0.058,0.05,0.578,0.772,23,4055,0.647,1.3482780719023217,2.8260016412527778,-1.2597469741824652,-0.044244301844584485,1.362449535804635,0.8465475945865369,High Risk,"['High spend volatility', 'High amendment rate', 'Vendor concentration risk']"
2025-01-01,21,C003,49753823,0.677,501994613,61,50878662,0.01,0.79,0.2,0.047,0.718,0.85,20,4498,0.725,1.763309018003936,-0.46138802306167787,-0.19022700744591842,-0.1498888593102259,1.7396052210910649,0.5402820698554358,High Risk,"['High spend volatility', 'Vendor concentration risk']"
2025-01-01,42,C005,54598631,0.254,368052864,140,36823100,0.01,0.709,0.281,0.05,0.468,0.482,47,1026,0.437,-0.4589452883376166,-0.46138802306167787,0.4198512834390132,-0.044244301844584485,-1.2163418202508882,-0.3522136300111508,Low Risk,['No alerts']
2025-01-01,50,C006,5346909,0.126,115912944,184,10744336,0.01,0.744,0.246,0.086,0.195,0.791,59,1107,0.393,-1.1314004921478262,-0.46138802306167787,0.1562372071307092,1.2234903877431111,-1.1473810741827148,-0.2720883989036797,Low Risk,['Low invoice quality']
2025-01-01,66,C007,96197894,0.455,686733718,188,66564091,0.01,0.848,0.142,0.077,0.479,0.871,93,1256,0.476,0.5970195238956033,-0.46138802306167787,-0.6270731910425362,0.9065567153461873,-1.020527356106692,-0.1210824661938231,Moderate,['Low invoice quality']
2025-01-01,79,C008,98250546,0.207,514377353,96,53875745,0.01,0.881,0.109,0.056,0.029,0.334,94,1586,0.811,-0.705862433486678,-0.46138802306167787,-0.8756236058475082,0.1670448130866981,-0.7395761684215411,-0.5230810835461414,Low Risk,['No alerts']
2025-01-01,86,C009,37154203,0.573,402304100,64,36450140,0.01,0.915,0.075,0.065,0.18,0.354,3,1068,0.746,1.21693916490814,-0.46138802306167787,-1.1317058514041463,0.48397848548362216,-1.1805843963636873,-0.2145521240875498,Moderate,['High spend volatility']
2025-01-01,91,C010,29681085,0.123,302055233,70,29193788,0.01,0.769,0.221,0.069,0.306,0.371,74,2557,0.995,-1.1471611609871282,-0.46138802306167787,-0.032058561660936256,0.6248378954378107,0.08710141716113082,-0.18573368662216017,Moderate,['No alerts']
2025-01-01,103,C012,30959525,0.208,174811085,143,16448940,0.139,0.851,0.011,0.079,0.251,0.775,17,1991,0.815,-0.7006088772069108,2.365767088248754,-1.6137430195107585,0.9769864203232816,-0.3947724380806738,0.1267258347547385,Moderate,"['Low invoice quality', 'High amendment rate']"
2025-01-01,123,C014,8772655,0.539,276840007,60,28350059,0.01,0.573,0.417,0.0,0.071,0.89,10,2463,0.92,1.0383182513960536,-0.46138802306167787,1.4441802656655645,-1.80498692627194,0.007072897032633234,0.044639292952126694,Moderate,"['High spend volatility', 'High friction']"
2025-01-01,140,C015,46291463,0.498,591376920,94,54446512,0.01,0.584,0.406,0.018,0.066,0.395,42,1264,0.369,0.8229224439255955,-0.46138802306167787,1.3613301273972407,-1.1711195814780924,-1.0137164182234157,-0.09239429028806993,Moderate,['High friction']
2025-01-01,154,C017,45053822,0.304,899706799,219,83145053,0.01,0.838,0.152,0.083,0.787,0.841,19,3661,0.639,-0.1962674743492535,-0.46138802306167787,-0.551754883525878,1.11784583027747,1.0270108450532727,0.1870892588787867,Moderate,"['Low invoice quality', 'Vendor concentration risk']"
2025-01-01,165,C018,5987203,0.111,649675508,172,70570078,0.014,0.755,0.231,0.04,0.32,0.706,53,2095,0.928,-1.2102038363443353,-0.3737242986799591,0.043259745855722016,-0.39639282673005566,-0.3062302455980807,-0.44865829229934173,Low Risk,['High amendment rate']
2025-01-01,179,C019,63850583,0.184,782225925,94,70938886,0.01,0.699,0.291,0.022,0.665,0.878,27,4894,0.841,-0.8266942279213251,-0.46138802306167787,0.49516959095567104,-1.0302601715239037,2.0767466463132465,0.05071476295240216,Moderate,['Vendor concentration risk']
2025-01-01,191,C020,10776169,0.461,737941123,97,74437779,0.01,,0.224,0.086,0.104,0.378,75,2718,0.716,0.628540861574207,-0.46138802306167787,-0.009463069405938773,1.2234903877431111,0.22417154206206816,0.32107033978235394,High Risk,['Low invoice quality']
2025-01-01,198,C021,94650163,0.228,268311338,69,28857241,0.01,0.701,0.289,0.013,0.772,0.889,91,4575,0.76,-0.5955377516115654,-0.46138802306167787,0.4801059294523394,-1.3471938439208277,1.8051604982176002,-0.023770638184826297,Moderate,['Vendor concentration risk']
2025-01-01,222,C024,51284562,0.39,179479033,164,19545637,0.01,0.557,0.433,0.055,0.422,0.454,42,2117,0.511,0.25553836571073124,-0.46138802306167787,1.5646895576922177,0.13182996059815097,-0.2875001664190706,0.24063393890407028,Moderate,['High friction']
2025-01-01,232,C025,67239552,0.42,799262312,94,74882234,0.01,0.625,0.365,0.03,0.409,0.437,35,1181,0.528,0.41314505410374897,-0.46138802306167787,1.0525250665789418,-0.7485413516155268,-1.0843798987624083,-0.16572783055138443,Moderate,['High friction']
2025-01-01,245,C026,56979951,0.094,285180981,154,30449459,0.078,0.831,0.091,0.004,0.108,0.413,62,1899,0.857,-1.2995142931003787,1.0288952914275418,-1.011196559377493,-1.6641275163177518,-0.47309822373835225,-0.6838082602212867,Low Risk,['High amendment rate']
2025-01-01,254,C027,73860648,0.522,3905495,134,403660,0.01,0.646,0.344,0.06,0.468,0.468,86,2597,0.829,0.94900779464001,-0.46138802306167787,0.8943566207939595,0.30790422304088644,0.12115610657751277,0.3622073443981382,High Risk,"['High spend volatility', 'High friction']"
2025-01-01,269,C028,48133754,0.198,836618880,46,91171520,0.019,0.823,0.157,0.099,0.535,0.718,60,4145,0.773,-0.7531444400045832,-0.2641446432028106,-0.5140957297675488,1.6812834700942239,1.4390725869914942,0.3177942488221551,High Risk,"['Low invoice quality', 'High amendment rate', 'Vendor concentration risk']"
2025-01-01,274,C029,52380424,0.253,265131500,137,26507044,0.01,0.496,0.494,0.023,0.481,0.662,41,2012,0.463,-0.46419884461738387,-0.46138802306167787,2.024131233543833,-0.9950453190353565,-0.3768937261370733,-0.05467893586153174,Moderate,['High friction']
2025-01-01,293,C030,76522425,0.24,896320363,41,83370872,0.01,0.838,0.152,0.095,0.118,0.796,49,1060,0.868,-0.5324950762543583,-0.46138802306167787,-0.551754883525878,1.5404240601400354,-1.1873953342469636,-0.2385218513897685,Low Risk,['Low invoice quality']
2025-01-01,297,C031,36899880,0.648,734405646,35,78698728,0.01,0.808,0.182,0.055,0.714,0.735,9,4062,0.984,1.6109558858906852,-0.46138802306167787,-0.3257999609759033,0.13182996059815097,1.3684091064525017,0.4648013937807514,High Risk,"['High spend volatility', 'Vendor concentration risk']"
2025-01-01,319,C033,20961051,0.281,753929686,131,73388109,0.01,0.541,0.449,0.045,0.284,0.47,68,2069,0.388,-0.3170992687839004,-0.46138802306167787,1.685198849718871,-0.2203185642873202,-0.328365793718729,0.0716054399734487,Moderate,['High friction']
2025-01-01,332,C034,71356543,0.071,784753885,62,85118921,0.01,0.525,0.465,0.047,0.016,0.304,38,2427,0.576,-1.4203460875350258,-0.46138802306167787,1.805708141745524,-0.1498888593102259,-0.02357632344211052,-0.04989823032070319,Moderate,['High friction']
2025-01-01,345,C036,50164326,0.514,899616,181,88294,0.119,0.848,0.033,0.046,0.222,0.457,47,1222,0.588,0.9069793444018719,1.9274484663401596,-1.4480427429741105,-0.18510371179877305,-1.0494738421106167,0.03036150277170626,Moderate,"['High spend volatility', 'High amendment rate']"
2025-01-01,369,C038,77537613,0.334,274961533,19,27744765,0.01,0.823,0.167,0.088,0.751,0.895,25,4694,0.368,-0.038660785956235476,-0.46138802306167787,-0.4387774222508905,1.2939200927202055,1.9064731992313364,0.45231341213654763,High Risk,"['Low invoice quality', 'Vendor concentration risk']"
2025-01-01,374,C039,85494351,0.682,773772326,58,85035656,0.01,0.658,0.332,0.093,0.663,0.825,96,3525,0.777,1.7895767994027723,-0.46138802306167787,0.80397465177397,1.469994355162941,0.911224901037574,0.9026765368631159,High Risk,"['Low invoice quality', 'High spend volatility', 'High friction', 'Vendor concentration risk']"
2025-01-01,405,C042,85411049,0.051,580604464,60,56105142,0.01,0.9,0.09,0.004,0.431,0.859,67,1812,0.473,-1.5254172131303712,-0.46138802306167787,-1.0187283901291588,-1.6641275163177518,-0.547167173218983,-1.0433656631715886,Low Risk,['No alerts']
2025-01-01,412,C043,46792379,0.218,566198346,189,52671969,0.01,0.741,0.249,0.053,0.366,0.751,12,2979,0.94,-0.6480733144092381,-0.46138802306167787,0.1788326993857067,0.06140025562105669,0.4463783905039604,-0.08456999839203844,Moderate,['No alerts']
2025-01-01,427,C044,81328410,0.44,269786525,98,26699035,0.01,0.821,0.169,0.03,0.145,0.727,52,2617,0.687,0.5182161796990943,-0.46138802306167787,-0.42371376074755884,-0.7485413516155268,0.13818345128570375,-0.1954487008879931,Moderate,['No alerts']
2025-01-01,440,C045,98898456,0.028,452855783,194,46639952,0.071,0.754,0.175,0.001,0.237,0.681,80,1222,0.655,-1.646249007565018,0.8754837737595338,-0.3785227762375641,-1.7697720737833929,-1.0494738421106167,-0.7937067851874116,Low Risk,['High amendment rate']
2025-01-01,450,C046,86507440,0.496,218111062,208,23776623,0.01,0.666,0.324,0.044,0.731,0.857,35,3829,0.96,0.812415331366061,-0.46138802306167787,0.7437200057606433,-0.25553341677586733,1.1700405406020769,0.4018508875782472,High Risk,['Vendor concentration risk']
2025-01-01,464,C047,34697748,0.37,685318269,62,74079639,0.013,0.794,0.193,0.053,0.19,0.722,80,1335,0.474,0.15046724011538587,-0.3956402297753888,-0.24294982270757923,0.06140025562105669,-0.9532693445093378,-0.2759983802511726,Low Risk,['High amendment rate']
2025-01-01,472,C048,12774937,0.296,538571094,133,58725318,0.01,0.602,0.388,0.073,0.059,0.834,37,1933,0.329,-0.23829592458739166,-0.46138802306167787,1.225757173867256,0.7656973053919988,-0.4441517377344276,0.16952375877515152,Moderate,['High friction']
2025-01-01,479,C049,78678485,0.511,17244189,156,1624087,0.164,0.787,0.049,0.022,0.042,0.553,81,2349,0.309,0.8912186755625701,2.9136653656344964,-1.3275334509474572,-1.0302601715239037,-0.08998296780405532,0.2714214901843301,Moderate,"['High spend volatility', 'High amendment rate']"
2025-01-01,494,C050,76128113,0.091,762110349,12,74053610,,0.751,0.088,0.04,0.417,0.519,76,1011,0.369,-1.3152749619396804,,-1.0337920516324905,-0.39639282673005566,-1.2291123287820316,-0.9936430422710645,Low Risk,['No alerts']
2025-02-01,5,C001,76329229,0.471,56184743,213,5204012,0.01,0.564,0.426,0.053,0.127,0.826,100,1430,0.626,0.6795911528362957,-0.5094956367184047,1.3041002885653359,0.09165700242933696,-1.0306191029514995,0.10704674083221288,Moderate,['High friction']
2025-02-01,12,C002,50645932,0.33,391718063,11,42802375,0.07,0.766,0.165,0.06,0.713,0.727,72,4662,0.924,-0.05528309295874528,0.7376280113684367,-0.4488791551199134,0.33012743352867463,1.6497981810215694,0.44267827556800443,High Risk,"['High amendment rate', 'Vendor concentration risk']"
2025-02-01,20,C003,57440784,0.005,299289572,109,28505349,0.077,,0.037,0.006,0.662,0.89,23,4045,0.775,-1.749142170145897,0.8831257703119013,-1.3085778861226411,-1.509501606380502,1.1380972329363641,-0.509199731880155,Low Risk,['High amendment rate']
2025-02-01,33,C004,72860169,0.658,119529621,94,13075766,0.177,0.755,0.068,0.084,0.301,0.832,5,2012,0.543,1.6542116064793648,2.96166518378997,-1.100369599707918,1.1477403401549757,-0.5479449509489234,0.8230605159534938,High Risk,"['Low invoice quality', 'High spend volatility', 'High amendment rate']"
2025-02-01,44,C005,16979047,0.19,371745429,132,37054239,0.01,0.756,0.234,0.02,0.262,0.398,10,2363,0.855,-0.7849454646701337,-0.5094956367184047,0.014552192061244536,-1.0325607441818265,-0.2568476530916996,-0.513859461320164,Low Risk,['No alerts']
2025-02-01,48,C006,7770035,0.543,193402356,118,21070092,0.019,0.86,0.121,0.089,0.344,0.35,69,1580,0.386,1.0548460868592957,-0.3224270895053786,-0.7444005939021011,1.3180763623687881,-0.9062185483116603,0.07997524350178878,Moderate,"['Low invoice quality', 'High spend volatility']"
2025-02-01,64,C007,66314545,0.319,85009235,69,8476989,0.071,0.86,0.068,0.099,0.629,0.814,14,4904,0.581,-0.11261370787892584,0.7584134055032171,-1.100369599707918,1.6587484067964136,1.8504977425071767,0.6109352494439927,High Risk,"['Low invoice quality', 'High amendment rate', 'Vendor concentration risk']"
2025-02-01,76,C008,18362582,0.439,471368830,34,45391750,0.01,,0.419,0.062,0.065,0.411,7,1163,0.479,0.512811182159407,-0.5094956367184047,1.2570855142136241,0.39826184241419976,-1.2520520902104133,0.08132216237168258,Moderate,['High friction']
2025-02-01,89,C010,37335778,0.491,365277922,72,33326920,0.01,0.644,0.346,0.064,0.387,0.538,56,2419,0.314,0.7838286345093513,-0.5094956367184047,0.766788581688631,0.4663962512997249,-0.21040477935949295,0.2594226102839619,Moderate,['High spend volatility']
2025-02-01,96,C011,326990,0.432,650468117,20,70100887,0.01,0.56,0.43,0.099,0.211,0.317,82,1428,0.478,0.4763280635738376,-0.5094956367184047,1.3309658739091712,1.6587484067964136,-1.032277777013364,0.38485378610953075,High Risk,"['Low invoice quality', 'High friction']"
2025-02-01,110,C012,52861323,0.473,895544974,156,97537522,0.01,,0.18,0.0,0.389,0.595,92,1731,0.711,0.6900149010036012,-0.5094956367184047,-0.34813321008053133,-1.7139048330370772,-0.7809886566408888,-0.5325014870946602,Low Risk,['High spend volatility']
2025-02-01,125,C014,97862984,0.667,299855245,166,32154120,0.088,0.803,0.109,0.096,0.621,0.74,37,4914,0.583,1.7011184732322397,1.1117651057944888,-0.8249973499336068,1.5565467934681259,1.8587911128164993,1.0806448270755493,High Risk,"['Low invoice quality', 'High spend volatility', 'High amendment rate', 'Vendor concentration risk']"
2025-02-01,136,C015,19777795,0.317,553557944,192,53508543,0.01,0.587,0.403,0.008,0.619,0.807,12,4621,0.658,-0.12303745604623141,-0.5094956367184047,1.1496231728382835,-1.4413671974949769,1.6157953627533466,0.1383036490664034,Moderate,['Vendor concentration risk']
2025-02-01,143,C016,99596420,0.593,297832431,140,30454669,0.048,0.89,0.062,0.055,0.763,0.808,54,4987,0.395,1.3154397910419342,0.2803493404032614,-1.1406679777236708,0.15979141131486208,1.9193327160745544,0.5068490562221882,High Risk,"['High spend volatility', 'Vendor concentration risk']"
2025-02-01,152,C017,84080554,0.002,581393288,216,57403761,0.01,0.548,0.442,0.064,0.057,0.353,44,1717,0.305,-1.7647777923968553,-0.5094956367184047,1.411562629940677,0.4663962512997249,-0.7925993750739404,-0.23778278458975968,Moderate,['High friction']
2025-02-01,167,C018,85608202,0.294,673206375,90,73911139,0.01,,0.412,0.035,0.177,0.553,20,2442,0.622,-0.24291055997024533,-0.5094956367184047,1.2100707398619124,-0.5215526775403885,-0.19133002764805093,-0.05104363240303542,Moderate,['No alerts']
2025-02-01,189,C020,83253066,0.387,111335729,178,11694771,0.01,0.556,0.434,0.006,0.197,0.512,35,1642,0.578,0.24179372980946284,-0.5094956367184047,1.3578314592530065,-1.509501606380502,-0.85479965239386,-0.2548343412860595,Low Risk,['High friction']
2025-02-01,200,C021,80911371,0.134,599076365,202,58498683,0.01,0.504,0.486,0.082,0.675,0.725,96,4585,0.457,-1.076810413354689,-0.5094956367184047,1.7070840687228646,1.0796059312694506,1.5859392296397852,0.5572646359118013,High Risk,"['Low invoice quality', 'High friction', 'Vendor concentration risk']"
2025-02-01,205,C022,46133956,0.26,443630995,187,40970640,,0.539,0.451,0.066,0.241,0.869,31,2523,0.46,-0.4201142788144395,,1.4720101969643062,0.5345306601852501,-0.12415372814253776,0.3655682125481448,High Risk,['High friction']
2025-02-01,213,C023,27452086,0.041,704016411,53,74470664,0.01,0.738,0.252,0.055,0.619,0.791,41,3907,0.423,-1.5615147031343972,-0.5094956367184047,0.13544732610850305,0.15979141131486208,1.023648722667712,-0.15042457595234504,Moderate,['No alerts']
2025-02-01,220,C024,75877763,0.472,671602871,118,63005896,0.073,0.916,0.011,0.022,0.732,0.877,3,3742,0.684,0.6848030269199484,0.7999841937727785,-1.4832041908575702,-0.9644263352963015,0.8868081125638889,-0.015207038579451137,Moderate,['High amendment rate']
2025-02-01,235,C025,80546358,0.029,113066371,164,10461128,0.01,0.723,0.267,0.044,0.237,0.691,98,1954,0.823,-1.6240571921382303,-0.5094956367184047,0.23619327114788527,-0.21494783755552588,-0.5960464987429945,-0.541670778801454,Low Risk,['No alerts']
2025-02-01,246,C026,2348338,0.675,861935042,20,84909664,0.01,0.496,0.494,0.06,0.211,0.356,12,1451,0.999,1.742813465901462,-0.5094956367184047,1.760815239410535,0.33012743352867463,-1.013203025301922,0.46221149536406897,High Risk,"['High spend volatility', 'High friction']"
2025-02-01,270,C028,46410178,0.197,766966106,164,82680953,0.19,0.807,0.003,0.005,0.017,0.871,96,2803,0.564,-0.7484623460845643,3.231875307542119,-1.5369353615452406,-1.5435688108232646,0.10806064051849543,-0.09780611407849098,Moderate,['High amendment rate']
2025-02-01,277,C029,79134265,0.473,447348511,6,47588361,0.01,0.57,0.42,0.089,0.056,0.472,40,1234,0.442,0.6900149010036012,-0.5094956367184047,1.263801910549583,1.3180763623687881,-1.1931691610142228,0.313845675237869,Moderate,"['Low invoice quality', 'High spend volatility', 'High friction']"
2025-02-01,290,C030,87538552,0.523,22240766,160,2394299,0.01,0.687,0.303,0.088,0.384,0.457,4,1745,0.689,0.9506086051862401,-0.5094956367184047,0.4779835392424023,1.2840091579260255,-0.7693779382078372,0.2867455454856852,Moderate,"['Low invoice quality', 'High spend volatility']"
2025-02-01,299,C031,50676900,0.608,227307146,57,24883419,0.01,0.604,0.386,0.044,0.333,0.538,28,2030,0.555,1.3936179022967259,-0.5094956367184047,1.0354444351269836,-0.21494783755552588,-0.5330168843921427,0.23432039575152724,Moderate,['High spend volatility']
2025-02-01,314,C032,61042002,0.06,778967202,201,85323676,0.01,0.718,0.272,0.081,0.729,0.895,87,4219,0.357,-1.4624890955449945,-0.5094956367184047,0.26977525282767933,1.045538726826688,1.2824018763185776,0.12514622474190915,Moderate,"['Low invoice quality', 'Vendor concentration risk']"
2025-02-01,330,C034,49312214,0.389,177964595,87,16784051,0.01,0.629,0.361,0.03,0.169,0.417,82,2310,0.707,0.2522174779767684,-0.5094956367184047,0.8675345267280132,-0.6918886997542013,-0.30080251573110944,-0.07648696949978676,Moderate,['No alerts']
2025-02-01,344,C035,80614252,0.353,283798131,82,27479291,0.05,0.942,0.008,0.001,0.409,0.546,22,2007,0.991,0.06459001096526834,0.3219201286728228,-1.5033533798654466,-1.6798376285943146,-0.5520916361035847,-0.669754500985051,Low Risk,['No alerts']
2025-02-01,351,C036,94301717,0.437,476231507,202,43134190,0.068,0.92,0.012,0.042,0.553,0.87,39,4730,0.413,0.5023874339921015,0.6960572230988753,-1.4764877945216113,-0.28308224644105073,1.7061930991249632,0.2290135430506556,Moderate,"['High amendment rate', 'Vendor concentration risk']"
2025-02-01,357,C037,70710941,0.226,302031752,84,32014612,0.01,0.673,0.317,0.036,0.017,0.556,91,2445,0.646,-0.5973179976586338,-0.5094956367184047,0.5720130879458257,-0.48748547309762613,-0.18884201655525415,-0.2422256072168186,Low Risk,['No alerts']
2025-02-01,366,C038,18228547,0.043,573118737,14,52175716,0.01,0.559,0.431,0.075,0.754,0.843,58,4771,0.947,-1.5510909549670917,-0.5094956367184047,1.3376822702451299,0.8411355001701126,1.7401959173931858,0.37168541922458637,High Risk,"['High friction', 'Vendor concentration risk']"
2025-02-01,376,C039,83094956,0.236,859028147,85,94421914,0.207,0.764,0.029,0.08,0.015,0.731,10,2716,0.492,-0.5451992568221062,3.5852270078333905,-1.3623090568103116,1.0114715223839255,0.03590831882738869,0.5450197070824574,High Risk,"['Low invoice quality', 'High amendment rate']"
2025-02-01,385,C040,23937378,0.099,488250988,197,44527411,0.01,0.835,0.155,0.093,0.33,0.602,74,2473,0.303,-1.2592260062825362,-0.5094956367184047,-0.5160431184795016,1.4543451801398384,-0.16562057968915084,-0.19920803220595093,Moderate,['Low invoice quality']
2025-02-01,395,C041,31752942,0.658,254886534,164,26976907,0.01,0.74,0.25,0.003,0.306,0.777,87,2955,0.852,1.6542116064793648,-0.5094956367184047,0.1220145334365854,-1.6117032197087895,0.23411986922019917,-0.022170569458208954,Moderate,['High spend volatility']
2025-02-01,400,C042,32447595,0.136,734614456,70,71939738,0.01,0.739,0.251,0.039,0.646,0.796,13,4206,0.373,-1.0663866651873835,-0.5094956367184047,0.12873092977254422,-0.38528385976933843,1.2716204949164582,-0.11216294739722481,Moderate,['Vendor concentration risk']
2025-02-01,410,C043,36852954,0.383,423780817,7,44473340,0.013,0.891,0.095,0.047,0.345,0.66,38,2874,0.575,0.2209462334748517,-0.4471394543140627,-0.9190268986370301,-0.11274622422723818,0.166943569714686,-0.21820455479775863,Moderate,['No alerts']
2025-02-01,421,C044,56592982,0.078,415179688,185,45651621,0.01,0.883,0.107,0.074,0.08,0.326,21,1820,0.637,-1.3686753620392444,-0.5094956367184047,-0.8384301426055244,0.8070682957273501,-0.7071776608879176,-0.5233421013047482,Low Risk,['No alerts']
2025-02-01,436,C045,32928006,0.187,642789965,195,67916512,0.01,0.545,0.445,0.044,0.505,0.519,71,4525,0.418,-0.8005810869210921,-0.5094956367184047,1.4317118189485534,-0.21494783755552588,1.5361790077838495,0.28857325310747606,Moderate,"['High friction', 'Vendor concentration risk']"
2025-02-01,447,C046,5028047,0.402,103266087,21,10026569,0.01,0.793,0.197,0.03,0.237,0.776,8,2884,0.604,0.3199718410642545,-0.5094956367184047,-0.23395447236923148,-0.6918886997542013,0.1752369400240086,-0.18802600555071486,Moderate,['No alerts']
2025-02-01,461,C047,64261522,0.324,527147002,138,56315535,0.024,0.942,0.034,0.039,0.032,0.373,6,2714,0.381,-0.08655433746066195,-0.21850011883147508,-1.3287270751305176,-0.38528385976933843,0.03424964476552417,-0.39696314928529375,Low Risk,['No alerts']
2025-02-01,467,C048,33266170,0.454,491252571,41,50214081,0.01,0.8,0.19,0.007,0.154,0.894,20,2877,0.851,0.5909892934141987,-0.5094956367184047,-0.2809692467209432,-1.4754344019377394,0.16943158080748277,-0.3010956822310812,Low Risk,['No alerts']
2025-02-01,483,C049,54628779,0.355,762570332,210,82514224,0.089,,0.069,0.035,0.326,0.568,74,1547,0.317,0.07501375913257391,1.1325504999292695,-1.0936532033719593,-0.5215526775403885,-0.9335866703324249,-0.2682456584365859,Low Risk,['High amendment rate']
2025-02-01,493,C050,94881491,0.455,737404256,190,73696689,0.106,0.856,0.037,0.016,0.339,0.66,68,2667,0.981,0.5962011674978515,1.4859022002205413,-1.3085778861226411,-1.1688295619528766,-0.004729195688292121,-0.08000665520908343,Moderate,['High amendment rate']
2025-03-01,1,C001,19642295,0.301,169521763,207,16600946,0.01,0.791,0.199,0.033,0.458,0.76,79,1910,0.582,-0.2889592963681039,-0.4974776438497011,-0.2762875258459479,-0.6316738089616935,-0.7063840668543026,-0.4801564683759498,Low Risk,['No alerts']
2025-03-01,28,C003,70485673,0.668,183520680,190,18178806,0.01,,0.388,0.021,0.12,0.566,31,2556,0.624,1.594495141999913,-0.4974776438497011,1.020580667537931,-1.0484725570929878,-0.1675444326286467,0.18031623519330167,Moderate,"['High spend volatility', 'High friction']"
2025-03-01,31,C004,16641923,0.411,583163604,122,61378536,0.01,0.695,0.295,0.04,0.01,0.463,99,2473,0.338,0.27556383229805903,-0.4974776438497011,0.38243917555538726,-0.3885412058851051,-0.2367761503387542,-0.09295839844402283,Moderate,['No alerts']
2025-03-01,47,C005,12081314,0.635,209491806,19,20342038,0.01,,0.488,0.007,0.396,0.619,12,2516,0.53,1.425138203400064,-0.4974776438497011,1.7067543148309885,-1.5347377632461647,-0.20090911586243346,0.17975359905455063,Moderate,"['High spend volatility', 'High friction']"
2025-03-01,57,C006,41914506,0.286,272343138,79,26151906,0.066,0.834,0.1,0.1,0.102,0.633,36,2009,0.831,-0.3659397230043989,0.7373770655303749,-0.9555994366660749,1.6954525347713671,-0.6238064758506804,0.09749679295611757,Moderate,"['Low invoice quality', 'High amendment rate']"
2025-03-01,61,C007,9340954,0.473,430798436,96,45897810,0.129,,0.045,0.058,0.61,0.786,62,4808,0.604,0.5937495957280782,2.1265886135829604,-1.332994942677257,0.23665691631183658,1.7108872334335465,0.6669774832758331,High Risk,"['High amendment rate', 'Vendor concentration risk']"
2025-03-01,71,C008,49228958,0.219,345628887,177,31542720,0.01,0.497,0.493,0.029,0.765,0.775,56,4848,0.914,-0.7097856286465163,-0.4974776438497011,1.7410629971956415,-0.7706067250054582,1.7442519166673334,0.30148898327225987,Moderate,"['High friction', 'Vendor concentration risk']"
2025-03-01,93,C010,62844624,0.384,877989350,206,90374130,0.094,0.862,0.044,0.038,0.496,0.859,63,2820,0.876,0.1369990643527283,1.3548044202204128,-1.3398566791501874,-0.45800766390698755,0.05266247671434574,-0.050679676353937594,Moderate,['High amendment rate']
2025-03-01,105,C012,61368204,0.401,309958575,190,28416561,0.01,0.726,0.264,0.082,0.735,0.8,35,3911,0.762,0.22424354787386264,-0.4974776438497011,0.16972534489453958,1.0702544125744253,0.9626842119158789,0.3858859746818011,High Risk,"['Low invoice quality', 'Vendor concentration risk']"
2025-03-01,127,C014,51039481,0.091,120270301,23,11963633,0.01,0.899,,0.043,0.523,0.618,63,4697,0.335,-1.3666852692762332,-0.4974776438497011,,-0.28434151885228165,1.6183002374597883,-0.13255104862960687,Low Risk,['Vendor concentration risk']
2025-03-01,131,C015,54048513,0.69,215438573,136,20750938,0.01,,0.258,0.034,0.064,0.465,26,1218,0.429,1.707399767733145,-0.4974776438497011,0.1285549260569561,-0.5969405799507522,-1.283593086798813,-0.10841132336183305,Moderate,['High spend volatility']
2025-03-01,168,C018,40329703,0.342,282249237,29,30756069,0.029,0.818,0.154,0.092,0.023,0.464,13,2451,0.565,-0.07854613022889749,-0.07850908173860391,-0.5850656671278239,1.4175867026838371,-0.2551267261173369,0.08406781949423499,Moderate,"['Low invoice quality', 'High amendment rate']"
2025-03-01,177,C019,74142772,0.609,20697910,69,2147017,0.01,0.715,0.275,0.003,0.052,0.702,20,1013,0.72,1.2917054638971526,-0.4974776438497011,0.245204446096776,-1.6736706792899294,-1.45458708837197,-0.41776510030353436,Low Risk,['High spend volatility']
2025-03-01,187,C020,24468069,0.419,656003212,60,59274419,0.161,0.824,0.015,0.083,0.642,0.757,100,4752,0.65,0.31662005983741637,2.8322198760858606,-1.5388470368651739,1.1049876415853666,1.6641766769062452,0.8758314435099429,High Risk,"['Low invoice quality', 'High amendment rate', 'Vendor concentration risk']"
2025-03-01,202,C021,74324117,0.629,157543654,175,14276825,0.01,0.727,0.263,0.012,0.446,0.834,53,2364,0.348,1.394346032745546,-0.4974776438497011,0.162863608421609,-1.3610716181914586,-0.3276949121508231,-0.12580690660496555,Moderate,['High spend volatility']
2025-03-01,203,C022,17555661,0.527,100353149,159,10665686,0.01,0.655,0.335,0.056,0.086,0.425,79,1992,0.744,0.8708791316187403,-0.4974776438497011,0.6569086344726106,0.16719045828995413,-0.6379864662250397,0.11190282286131284,Moderate,['No alerts']
2025-03-01,216,C023,23115446,0.559,595526341,200,56713700,0.082,0.808,0.11,0.054,0.533,0.679,75,4053,0.752,1.0351040417761697,1.0901926967818252,-0.8869820719367694,0.09772400026807165,1.0811288373958219,0.4834335008570238,High Risk,"['High amendment rate', 'Vendor concentration risk']"
2025-03-01,231,C024,27574499,0.263,94856928,211,9450261,0.01,0.752,0.238,0.049,0.223,0.66,6,2440,0.991,-0.483976377180051,-0.4974776438497011,-0.008679803401655558,-0.07594214478663425,-0.2643020140066283,-0.2660755966449341,Low Risk,['No alerts']
2025-03-01,248,C026,23537988,0.663,425466122,50,43783492,0.01,0.792,0.198,0.056,0.265,0.645,69,2463,0.616,1.5688349997878146,-0.4974776438497011,-0.2831492623188785,0.16719045828995413,-0.2451173211472009,0.14205624615239767,Moderate,['High spend volatility']
2025-03-01,283,C030,23840959,0.284,740228694,150,68361613,0.01,0.546,0.444,0.089,0.401,0.692,5,1541,0.831,-0.37620377988923825,-0.4974776438497011,1.4048379100220434,1.3133870156510135,-1.014173269685985,0.16607404644962648,Moderate,"['Low invoice quality', 'High friction']"
2025-03-01,296,C031,54354281,0.485,170420944,99,18454425,0.01,0.617,0.373,0.036,0.566,0.598,45,4018,0.67,0.6553339370371142,-0.4974776438497011,0.9176546204439723,-0.52747412192887,1.0519347395662586,0.3199943062537548,Moderate,['Vendor concentration risk']
2025-03-01,310,C032,32202690,0.508,814504592,137,74454426,0.081,0.803,0.117,0.051,0.572,0.817,42,3755,0.492,0.7733705912127665,1.0681417198286094,-0.8389499166262552,-0.006475686764752032,0.8325619473041107,0.3657297309908959,High Risk,['High amendment rate']
2025-03-01,317,C033,24643609,0.061,184167462,95,18213010,0.018,0.753,0.229,0.057,0.145,0.751,62,2258,0.364,-1.520646122548823,-0.321069828223976,-0.07043543165803061,0.20192368730089535,-0.4161113227203579,-0.42526780357005844,Low Risk,['High amendment rate']
2025-03-01,334,C034,42782027,0.151,483472751,17,49938747,0.01,0.749,0.241,0.062,0.22,0.806,76,1296,0.389,-1.0587635627310534,-0.4974776438497011,0.011905406017136189,0.3755898323556013,-1.218531954492929,-0.4774555845401892,Low Risk,['No alerts']
2025-03-01,342,C035,5225809,0.023,644497281,70,58612305,0.01,0.598,0.392,0.097,0.732,0.837,54,4442,0.783,-1.7156632033607702,-0.4974776438497011,1.0480276134296533,1.5912528477385433,1.4056003818443978,0.36634799916042465,High Risk,"['Low invoice quality', 'High friction', 'Vendor concentration risk']"
2025-03-01,348,C036,95646228,0.266,268277016,97,28535972,0.01,0.844,0.146,0.094,0.039,0.309,83,2876,0.864,-0.468580291852792,-0.4974776438497011,-0.6399595589112685,1.4870531607057196,0.09937303324164717,-0.003918260133278955,Moderate,['Low invoice quality']
2025-03-01,401,C042,79804243,0.406,203797240,72,21347799,0.01,0.79,0.2,0.083,0.361,0.722,71,1801,0.631,0.24990369008596097,-0.4974776438497011,-0.2694257893730173,1.1049876415853666,-0.7973028286663714,-0.04186298604355245,Moderate,['Low invoice quality']
2025-03-01,419,C043,41455531,0.583,374504673,75,40271449,0.01,0.643,0.347,0.07,0.602,0.755,14,3610,0.441,1.158272724394241,-0.4974776438497011,0.7392494721477771,0.6534556644431311,0.7116149705816338,0.5530230375434163,High Risk,['High spend volatility']
2025-03-01,422,C044,90323204,0.057,629749306,216,66622514,0.01,0.761,0.229,0.06,0.616,0.886,89,3850,0.884,-1.5411742363185017,-0.4974776438497011,-0.07043543165803061,0.3061233743337188,0.9118030699843542,-0.17823217350163206,Low Risk,['No alerts']
2025-03-01,434,C045,25918722,0.643,70590927,134,7689940,0.01,0.5,0.49,0.065,0.692,0.889,29,3669,0.311,1.4661944309394213,-0.4974776438497011,1.7204777877768498,0.47978951938842496,0.7608278783514693,0.7859623945212928,High Risk,"['High spend volatility', 'High friction']"
2025-03-01,452,C046,57836735,0.465,220785020,136,20217238,0.01,0.584,0.406,0.001,0.669,0.85,46,4642,0.634,0.5526933681887212,-0.4974776438497011,1.1440919240506815,-1.7431371373118119,1.5724237980133315,0.20571886181824425,Moderate,"['High friction', 'Vendor concentration risk']"
2025-03-01,462,C047,9616733,0.186,326309291,85,34213703,0.037,0.92,0.043,0.032,0.4,0.69,91,2782,0.78,-0.8791425672463652,0.09789873388712116,-1.346718415623118,-0.6664070379726347,0.02096602764224834,-0.5546806518625497,Low Risk,['High amendment rate']
2025-03-01,469,C048,21311996,0.234,463500894,110,47116950,0.01,0.702,0.288,0.048,0.036,0.855,43,1264,0.908,-0.6328052020102213,-0.4974776438497011,0.3344070202448732,-0.11067537379757549,-1.2452237010799583,-0.4303549800985166,Low Risk,['No alerts']
2025-03-01,492,C050,58954042,0.629,411820055,94,42711370,0.01,0.577,0.413,0.079,0.757,0.799,51,3705,0.345,1.394346032745546,-0.4974776438497011,1.1921240793611951,0.9660547255416017,0.7908560932618773,0.7691806574121038,High Risk,"['Low invoice quality', 'High spend volatility', 'High friction']"
2025-04-01,8,C001,89853482,0.028,585934177,188,55027863,0.16,0.786,0.055,0.023,0.251,0.439,21,1391,0.652,-1.6882078919456325,2.712425061531836,-1.2875562182216758,-0.8644607034886078,-1.156174312096672,-0.4567948128441504,Low Risk,['High amendment rate']
2025-04-01,29,C004,777953,0.335,243807372,60,24341012,0.01,0.679,0.311,0.008,0.681,0.704,31,4000,0.869,-0.10430729069289398,-0.5081323993898689,0.5176227206234326,-1.366788085328114,0.9638083300222852,-0.09955934495303184,Moderate,['No alerts']
2025-04-01,43,C005,18560331,0.55,819564722,91,80987183,0.01,0.642,0.348,0.037,0.742,0.762,7,5000,0.538,1.004939058718633,-0.5081323993898689,0.7785274891283894,-0.39562181377173544,1.7763735435596393,0.5312171756490115,High Risk,"['High spend volatility', 'High friction', 'Vendor concentration risk']"
2025-04-01,49,C006,75183268,0.087,558497159,180,52501776,0.01,0.774,0.216,0.011,0.756,0.781,39,4623,0.938,-1.383810056525725,-0.5081323993898689,-0.15226790121361933,-1.2663226089602126,1.4700364580560568,-0.36809930160667387,Low Risk,['Vendor concentration risk']
2025-04-01,63,C007,58324442,0.169,640536703,33,63652409,0.01,0.816,0.174,0.05,0.328,0.631,20,1409,0.742,-0.9607486581455148,-0.5081323993898689,-0.44843007086789494,0.039728583822503404,-1.1415481382529997,-0.603826136566755,Low Risk,['No alerts']
2025-04-01,77,C008,48492180,0.602,410477987,142,39082358,0.01,0.785,0.205,0.042,0.679,0.688,15,3821,0.436,1.2732218967158393,-0.5081323993898689,-0.22983418374212014,-0.22817935315856658,0.8183591567990988,0.22508702344487647,Moderate,['High spend volatility']
2025-04-01,81,C009,92274077,0.526,364144296,77,37557861,0.01,0.664,0.326,0.016,0.05,0.517,15,2310,0.444,0.88111621041223,-0.5081323993898689,0.6233949240713882,-1.098880148347044,-0.40942688085584356,-0.10238565882182767,Moderate,"['High spend volatility', 'High friction']"
2025-04-01,99,C011,45227751,0.622,880661093,138,85969926,0.01,0.513,0.477,0.033,0.791,0.882,92,4938,0.825,1.3764076036378419,-0.5081323993898689,1.6881684387808074,-0.5295757822622703,1.7259945003203234,0.7505724722173667,High Risk,"['High spend volatility', 'High friction', 'Vendor concentration risk']"
2025-04-01,111,C012,66452990,0.212,400635512,104,43912408,0.01,0.728,0.262,0.068,0.486,0.675,4,2812,0.338,-0.7388993882632096,-0.5081323993898689,0.17210018936011115,0.6425214420299109,-0.00151914366009172,-0.08678585998462965,Moderate,['No alerts']
2025-04-01,116,C013,13168742,0.638,662919131,119,69997896,0.01,0.665,0.325,0.019,0.203,0.869,7,2265,0.478,1.4589561691754438,-0.5081323993898689,0.6163434438415245,-0.9984146719791429,-0.4459923154650245,0.02455204523658643,Moderate,['High spend volatility']
2025-04-01,120,C014,67966235,0.357,237994775,52,25495022,0.01,0.641,0.349,0.019,0.547,0.835,93,4515,0.488,0.009196986921308591,-0.5081323993898689,0.7855789693582531,-0.9984146719791429,1.3822794149940225,0.13410165998091447,Moderate,"['High friction', 'Vendor concentration risk']"
2025-04-01,132,C015,25605518,0.083,156141283,63,15931502,0.088,0.849,0.063,0.066,0.076,0.467,30,1840,0.505,-1.4044471979101256,1.1665574802894174,-1.231144376382766,0.5755444577846434,-0.7913325312184001,-0.3369644334874462,Moderate,['High amendment rate']
2025-04-01,145,C016,63737846,0.283,300196170,164,32938059,0.063,0.89,0.047,0.014,0.086,0.323,29,2677,0.403,-0.3725901286901007,0.6297979034691334,-1.3439680600605854,-1.1658571325923117,-0.11121544748763454,-0.47276657307229975,Low Risk,['High amendment rate']
2025-04-01,156,C017,23557380,0.525,583605816,54,63192863,0.01,0.762,0.228,0.091,0.672,0.719,57,3746,0.492,0.8759569250661298,-0.5081323993898689,-0.0676501384552548,1.4127567608504867,0.7574167657837971,0.494069582771058,High Risk,"['Low invoice quality', 'High spend volatility']"
2025-04-01,180,C019,48643641,0.339,677289045,177,66989923,0.01,0.732,0.258,0.098,0.138,0.836,22,1528,0.395,-0.08367014930849345,-0.5081323993898689,0.1438942684406563,1.6471762057089232,-1.0448528778420545,0.03088300952183256,Moderate,['Low invoice quality']
2025-04-01,186,C020,33462003,0.099,455849691,108,43765396,0.065,0.82,0.115,0.001,0.107,0.671,87,2169,0.716,-1.3218986323725235,0.6727386696147561,-0.8644674044298534,-1.6012075301865503,-0.5239985759646105,-0.7277666946677563,Low Risk,['High amendment rate']
2025-04-01,199,C021,32216087,0.434,771420130,144,72587333,0.01,,0.191,0.084,0.681,0.765,38,4547,0.698,0.4064619585710183,-0.5081323993898689,-0.3285549069602119,1.178337315992051,1.408281501827218,0.43127869400804125,High Risk,"['Low invoice quality', 'Vendor concentration risk']"
2025-04-01,217,C023,75881758,0.495,868250094,190,78968794,0.01,0.504,0.486,0.021,0.554,0.755,32,3851,0.947,0.7211783646831259,-0.5081323993898689,1.7516317608495806,-0.9314376877338753,0.8427361132052194,0.37519523032283636,High Risk,['High friction']
2025-04-01,227,C024,17747893,0.26,750850769,101,72041470,0.046,0.879,0.075,0.038,0.255,0.302,42,1361,0.493,-0.49125369165040345,0.26480139123134017,-1.1465266136244014,-0.36213332164910167,-1.1805512685027928,-0.5831327008390719,Low Risk,['No alerts']
2025-04-01,234,C025,2606158,0.646,404092939,27,37851821,0.01,0.738,0.252,0.097,0.695,0.718,9,4631,0.565,1.5002304519442449,-0.5081323993898689,0.10158538706147405,1.6136877135862895,1.4765369797643557,0.836781626593299,High Risk,"['Low invoice quality', 'High spend volatility', 'Vendor concentration risk']"
2025-04-01,247,C026,98408186,0.509,737387360,142,74088316,0.01,0.581,0.409,0.017,0.375,0.506,93,1515,0.985,0.7934083595285277,-0.5081323993898689,1.2086677831500754,-1.0653916562244103,-1.0554162256180402,-0.12537282771074323,Moderate,['High friction']
2025-04-01,256,C027,67494442,0.325,752357140,145,77732937,0.01,0.836,0.154,0.041,0.603,0.831,86,3858,0.915,-0.15590014415389528,-0.5081323993898689,-0.589459675465169,-0.26166784528120035,0.8484240696999809,-0.13334719891803054,Moderate,['No alerts']
2025-04-01,268,C028,23353773,0.342,366351894,157,34380480,0.084,0.821,0.096,0.005,0.344,0.855,42,1148,0.511,-0.06819229327019306,1.0806759479981722,-0.9984455287972638,-1.4672535616960154,-1.3536276589862493,-0.5613686189503099,Low Risk,['High amendment rate']
2025-04-01,271,C029,78784841,0.505,433142072,101,41529853,0.01,0.571,0.419,0.02,0.66,0.673,16,4909,0.598,0.7727712181441272,-0.5081323993898689,1.2791825854487124,-0.9649261798565091,1.70243010912774,0.45626506669484035,High Risk,"['High friction', 'Vendor concentration risk']"
2025-04-01,289,C030,78024746,0.145,180337984,86,17130529,0.01,0.67,0.32,0.041,0.212,0.816,33,1524,0.557,-1.084571506451918,-0.5081323993898689,0.581086042692206,-0.26166784528120035,-1.048103138696204,-0.46427776942539706,Low Risk,['No alerts']
2025-04-01,295,C031,3850732,0.183,571816885,135,61032205,0.01,0.783,0.207,0.034,0.271,0.554,63,1391,0.913,-0.8885186633001131,-0.5081323993898689,-0.21573122328239272,-0.49608729013963654,-1.156174312096672,-0.6529287776417367,Low Risk,['No alerts']
2025-04-01,309,C032,99463063,0.247,637149811,147,67095807,0.089,0.875,0.036,0.021,0.416,0.421,37,2046,0.619,-0.558324401149705,1.1880278633622288,-1.421534342589086,-0.9314376877338753,-0.6239440972297051,-0.4694425330680286,Low Risk,['High amendment rate']
2025-04-01,329,C034,78529828,0.207,539698893,152,58151769,0.01,0.793,0.197,0.017,0.267,0.431,14,2874,0.322,-0.7646958149937102,-0.5081323993898689,-0.28624602558102963,-1.0653916562244103,0.04885989957922424,-0.5151211993219589,Low Risk,['No alerts']
2025-04-01,335,C035,64325097,0.607,753267104,175,79467576,0.01,0.75,0.24,0.072,0.196,0.714,61,2805,0.969,1.29901832344634,-0.5081323993898689,0.016967624303109528,0.7764754105204456,-0.0072071001548532,0.31542437174503457,Moderate,"['Low invoice quality', 'High spend volatility']"
2025-04-01,353,C036,89655084,0.248,236152984,55,22303162,0.101,0.823,0.077,0.016,0.179,0.736,33,2422,0.486,-0.553165115803605,1.4456724602359654,-1.132423653164674,-1.098880148347044,-0.3184195769396599,-0.3314432068038035,Moderate,['High amendment rate']
2025-04-01,362,C037,4860940,0.667,677407058,185,67453290,0.157,0.753,0.09,0.007,0.229,0.837,75,2888,0.513,1.6085754442123477,2.6480139123134014,-1.040754410176446,-1.4002765774507477,0.0602358125687472,0.3751588362934605,Moderate,"['High spend volatility', 'High amendment rate']"
2025-04-01,364,C038,75442544,0.142,783992199,52,85049621,0.01,0.823,0.167,0.045,0.568,0.84,62,4574,0.306,-1.1000493624902183,-0.5081323993898689,-0.4977904324769407,-0.12771387679066548,1.4302207625927263,-0.16069306171099335,Moderate,['Vendor concentration risk']
2025-04-01,380,C039,19789804,0.568,243394012,211,23167085,0.01,0.658,0.332,0.006,0.079,0.841,32,1963,0.506,1.0978061949484348,-0.5081323993898689,0.6657038054505705,-1.4337650695733817,-0.6913870099533055,-0.17395489570351014,Moderate,"['High spend volatility', 'High friction']"
2025-04-01,383,C040,27710461,0.006,573298874,170,62346295,0.01,0.745,0.245,0.099,0.164,0.316,14,1937,0.945,-1.8017121695598353,-0.5081323993898689,0.05222502545242808,1.6806646978315571,-0.7125137055052767,-0.25789371023419916,Moderate,['Low invoice quality']
2025-04-01,392,C041,58953979,0.141,92677638,49,8378691,0.01,0.702,0.288,0.011,0.589,0.861,61,4658,0.776,-1.1052086478363183,-0.5081323993898689,0.35543867533656726,-1.2663226089602126,1.4984762405298642,-0.20514974806399372,Moderate,['Vendor concentration risk']
2025-04-01,409,C043,49029410,0.503,745644301,165,68349899,0.01,0.727,0.263,0.081,0.484,0.701,12,2010,0.686,0.762452647451927,-0.5081323993898689,0.17915166958997486,1.0778718396241496,-0.6531964449170499,0.17162946247182653,Moderate,['Low invoice quality']
2025-04-01,426,C044,24468974,0.357,671776179,188,68003185,0.01,,0.475,0.012,0.158,0.895,59,1077,0.326,0.009196986921308591,-0.5081323993898689,1.6740654783210798,-1.232834116837579,-1.4113197891474014,-0.2938047680264922,Moderate,['High friction']
2025-04-01,442,C045,57755849,0.457,615616827,206,55905824,0.01,0.517,0.473,0.096,0.426,0.847,45,2041,0.796,0.5251255215313213,-0.5081323993898689,1.6599625178613524,1.5801992214636558,-0.6280069232973918,0.5258295876338137,High Risk,"['Low invoice quality', 'High friction']"
2025-04-01,449,C046,31769873,0.351,296617897,137,32216671,0.011,,0.184,0.1,0.518,0.87,22,4439,0.836,-0.02175872515529219,-0.4866620163170575,-0.37791526856925783,1.7141531899541909,1.3205244587651837,0.4296683277355534,High Risk,"['Low invoice quality', 'Vendor concentration risk']"
2025-04-01,457,C047,31264114,0.372,627748616,169,58414195,0.068,0.846,0.086,0.052,0.214,0.728,66,1417,0.745,0.08658626711281053,0.7371498188331903,-1.0689603310959008,0.10670556806777072,-1.135047616544701,-0.2547132587253661,Moderate,['High amendment rate']
2025-04-01,465,C048,7356434,0.013,712175346,86,69025728,0.01,0.629,0.361,0.026,0.544,0.785,37,4215,0.35,-1.7655971721371344,-0.5081323993898689,0.8701967321166176,-0.7639952271207067,1.1385098509328162,-0.20580364311965527,Moderate,['High friction']
2025-04-01,480,C049,74473317,0.33,356913506,8,35316449,0.132,0.755,0.114,0.092,0.51,0.547,45,3796,0.312,-0.13010371742339463,2.1112543354931175,-0.871518884659717,1.4462452529731207,0.7980450264606649,0.6707844025687584,High Risk,"['Low invoice quality', 'High amendment rate']"
2025-04-01,499,C050,93818617,0.513,299006984,131,32264817,0.212,0.762,0.025,0.072,0.68,0.786,85,4782,0.338,0.8140455009129283,3.828884981318027,-1.499100625117587,0.7764754105204456,1.599234327008496,1.1039079189284622,High Risk,"['Low invoice quality', 'High spend volatility', 'High amendment rate', 'Vendor concentration risk']"
2025-05-01,0,C001,41683335,0.067,851630840,169,78054326,0.096,0.847,0.057,0.038,0.674,0.726,55,4134,0.493,-1.4801697418808755,1.2926409691097844,-1.2409504691514455,-0.321692842322572,1.0019887913862764,-0.14963665857176642,Moderate,['High amendment rate']
2025-05-01,17,C002,14757444,0.341,63769681,134,6539499,0.026,0.83,0.145,0.047,0.549,0.632,62,4411,0.901,-0.09820328413761649,-0.18526622301246812,-0.6289009501945605,-0.01582642155393284,1.2273973770133144,0.05984009962294727,Moderate,['Vendor concentration risk']
2025-05-01,37,C004,50888823,0.269,485903101,210,48451496,0.01,0.752,0.238,0.086,0.759,0.76,8,3873,0.481,-0.4613477547854802,-0.5230735812118401,0.017924109612147486,1.3095947351101698,0.7896001962647712,0.22653954099795365,Moderate,['Low invoice quality']
2025-05-01,51,C006,73008571,0.32,445613880,152,41048613,0.01,0.573,0.417,0.095,0.309,0.645,41,2101,0.411,-0.20412042140991013,-0.5230735812118401,1.2628884720358111,1.615461155878809,-0.652363752222996,0.2997583746139748,Moderate,"['Low invoice quality', 'High friction']"
2025-05-01,68,C007,29967511,0.555,554435723,127,51714768,0.01,0.751,0.239,0.011,0.443,0.507,90,2527,0.47,0.9811427813990894,-0.5230735812118401,0.024879217782112092,-1.239292104628489,-0.30570650501318286,-0.21241003833446212,Low Risk,['No alerts']
2025-05-01,72,C008,25296051,0.197,785584148,127,71261979,0.01,0.844,0.146,0.021,0.292,0.451,81,2902,0.583,-0.8244922254333438,-0.5230735812118401,-0.6219458420245959,-0.899440525996668,-0.0005504775397558554,-0.5739005304412407,Low Risk,['No alerts']
2025-05-01,83,C009,43307701,0.643,142506697,58,12864245,0.108,0.794,,0.01,0.165,0.3,61,2284,0.645,1.4249860233020337,1.5459964877593135,,-1.2732772624916713,-0.5034476108159636,0.2985644094384281,Moderate,"['High spend volatility', 'High amendment rate']"
2025-05-01,92,C010,43050424,0.068,739705028,80,79258474,0.01,0.598,0.392,0.05,0.103,0.575,13,1996,0.33,-1.4751260686774328,-0.5230735812118401,1.0890107677866963,0.08612905203561362,-0.7378074399155555,-0.3121734539965037,Low Risk,['High friction']
2025-05-01,95,C011,6678683,0.054,366501877,95,40016244,0.049,0.78,0.171,0.057,0.307,0.367,32,2409,0.401,-1.5457374935256285,0.30033185439912924,-0.44806813777548066,0.3240251570778884,-0.40172893499148793,-0.35423551096311584,Low Risk,['No alerts']
2025-05-01,108,C012,38822697,0.413,506679201,139,51477764,0.081,0.897,0.023,0.072,0.333,0.367,79,2036,0.608,0.2649411865102469,0.9759465707978733,-1.4774241469302418,0.83380252502562,-0.7052574636517234,-0.02159826564964502,Moderate,"['Low invoice quality', 'High amendment rate']"
2025-05-01,115,C013,69115125,0.593,64548031,128,5847193,0.01,0.701,0.289,0.032,0.723,0.789,34,4741,0.865,1.1728023631299058,-0.5230735812118401,0.3726346262803421,-0.5256037895016646,1.4959346811899303,0.3985388599773347,High Risk,"['High spend volatility', 'Vendor concentration risk']"
2025-05-01,130,C014,27811669,0.506,137931193,49,13139286,0.01,0.724,0.266,0.006,0.73,0.765,61,3680,0.323,0.7340027944304042,-0.5230735812118401,0.2126671383711565,-1.4092178939444,0.6325465607917807,-0.07061499631257975,Moderate,['No alerts']
2025-05-01,141,C015,10654981,0.33,257497561,130,28090447,0.18,0.78,0.04,0.042,0.63,0.731,34,4220,0.535,-0.1536836893754846,3.0661295996564872,-1.3591873080408436,-0.18575221086984336,1.0719712403535158,0.4878955263447663,High Risk,['High amendment rate']
2025-05-01,157,C017,39847241,0.568,318367010,32,28921664,0.01,0.887,0.103,0.058,0.634,0.808,16,4831,0.457,1.046710533043842,-0.5230735812118401,-0.9210154933330739,0.3580103149410706,1.5691721277835529,0.3059607802447103,Moderate,['Vendor concentration risk']
2025-05-01,164,C018,99934529,0.656,48931838,84,4441053,0.01,0.846,0.144,0.092,0.549,0.574,6,4033,0.997,1.4905537749467868,-0.5230735812118401,-0.6358560583645251,1.5135056822892625,0.9198001013201,0.5529859837959569,High Risk,"['Low invoice quality', 'High spend volatility']"
2025-05-01,173,C019,60964026,0.63,107832452,66,11530650,0.01,0.681,0.309,0.021,0.749,0.803,38,4803,0.845,1.3594182716572805,-0.5230735812118401,0.5117367896796343,-0.899440525996668,1.5463871443988702,0.39900561970545534,High Risk,"['High spend volatility', 'Vendor concentration risk']"
2025-05-01,182,C020,76433474,0.048,477458179,200,52131587,0.01,0.513,0.477,0.004,0.376,0.418,92,2089,0.617,-1.575999532746284,-0.5230735812118401,1.6801949622336871,-1.4771882096707643,-0.6621287451021456,-0.5116390212994693,Low Risk,['High friction']
2025-05-01,201,C021,55105143,0.596,663687475,183,68408577,0.01,0.509,0.481,0.009,0.528,0.6,38,3900,0.888,1.1879333827402336,-0.5230735812118401,1.7080153949135457,-1.3072624203548535,0.8115714302428579,0.3754368412659887,High Risk,"['High spend volatility', 'High friction']"
2025-05-01,204,C022,25223167,0.027,399095440,83,39006672,0.139,0.82,0.041,0.087,0.168,0.395,20,2092,0.396,-1.6819166700185773,2.200498244270597,-1.3522321998708788,1.3435798929733518,-0.6596874968823582,-0.029951645905573067,Moderate,"['Low invoice quality', 'High amendment rate']"
2025-05-01,228,C024,45305452,0.17,607778059,10,59684883,0.01,0.886,0.104,0.088,0.612,0.619,29,4223,0.932,-0.9606714019262926,-0.5230735812118401,-0.9140603851631092,1.377565050836534,1.074412488573303,0.010834434221719036,Moderate,['Low invoice quality']
2025-05-01,237,C025,69091940,0.601,859683601,127,78103746,0.01,0.63,0.36,0.079,0.775,0.847,53,4889,0.713,1.2131517487574464,-0.5230735812118401,0.8664473063478288,1.071698630067895,1.6163695933661095,0.8489187394654879,High Risk,"['Low invoice quality', 'High spend volatility', 'High friction', 'Vendor concentration risk']"
2025-05-01,250,C026,24446922,0.383,616813322,5,58990127,,0.637,0.353,0.011,0.464,0.602,92,2283,0.958,0.11363099040697053,,0.8177615491580766,-1.239292104628489,-0.5042613602225594,-0.20304023132150031,Low Risk,['No alerts']
2025-05-01,259,C027,35691500,0.305,577135353,26,60536458,0.01,0.548,0.442,0.04,0.662,0.855,17,4273,0.568,-0.27977551946154844,-0.5230735812118401,1.4367661762849264,-0.2537225265962077,1.1150999589030934,0.29905890158368476,Moderate,"['High friction', 'Vendor concentration risk']"
2025-05-01,261,C028,25646172,0.664,782964130,57,78002360,0.01,0.561,0.429,0.028,0.441,0.697,53,1710,0.798,1.5309031605743273,-0.5230735812118401,1.3463497700753864,-0.6615444209543931,-0.9705397702019559,0.14441903165630487,Moderate,"['High spend volatility', 'High friction']"
2025-05-01,275,C029,34366024,0.295,745200213,66,80915383,0.01,0.542,0.448,0.09,0.112,0.721,29,2312,0.302,-0.330212251495974,-0.5230735812118401,1.478496825304714,1.4455353665628983,-0.480662627431281,0.3180167463457034,High Risk,"['Low invoice quality', 'High friction']"
2025-05-01,285,C030,20971332,0.121,520850754,99,52379365,0.01,0.808,0.182,0.015,0.177,0.758,9,1611,0.958,-1.2078113888949777,-0.5230735812118401,-0.37156194790587016,-1.1033514731757608,-1.0511009614549407,-0.8513798705286779,Low Risk,['No alerts']
2025-05-01,302,C031,70654217,0.39,795430055,169,76160992,0.012,0.943,0.045,0.032,0.446,0.861,33,1629,0.326,0.1489367028310684,-0.4808476614369186,-1.3244117671910207,-0.5256037895016646,-1.0364534721362162,-0.6436759974869504,Low Risk,['No alerts']
2025-05-01,315,C032,79068385,0.689,799013630,86,80253189,0.01,0.665,,0.024,0.512,0.649,62,3567,0.503,1.6569949906603907,-0.5230735812118401,,-0.7974850524071216,0.5405928778464547,0.2192573087219709,Moderate,['High spend volatility']
2025-05-01,322,C033,81110784,0.145,852368976,28,83236216,0.105,0.892,0.003,0.016,0.776,0.806,97,3650,0.995,-1.0867632320123566,1.4826576080969311,-1.6165263103295338,-1.0693663153125785,0.6081340785939066,-0.33637283419272623,Low Risk,['High amendment rate']
2025-05-01,331,C034,76592507,0.02,272169857,197,27379416,0.01,0.517,0.473,0.024,0.55,0.639,4,4841,0.907,-1.717222382442675,-0.5230735812118401,1.6523745295538288,-0.7974850524071216,1.5773096218495108,0.03838062706834058,Moderate,"['High friction', 'Vendor concentration risk']"
2025-05-01,337,C035,54973687,0.155,35123662,146,3815661,0.01,0.685,0.305,0.076,0.672,0.794,4,3911,0.915,-1.036326499977931,-0.5230735812118401,0.4839163569997758,0.9697431564783486,0.8205226737154118,0.14295642120075303,Moderate,['Low invoice quality']
2025-05-01,346,C036,41366186,0.693,661883284,125,62210873,0.01,0.632,0.358,0.049,0.385,0.433,42,2823,0.585,1.6771696834741607,-0.5230735812118401,0.8525370900078997,0.05214389417243146,-0.06483668066082449,0.3987880811563654,High Risk,"['High spend volatility', 'High friction']"
2025-05-01,360,C037,89124650,0.528,693227588,72,68673163,0.01,0.735,0.255,0.044,0.067,0.487,59,1844,0.354,0.8449636049061404,-0.5230735812118401,0.1361609485015458,-0.1177818951434793,-0.861497349718118,-0.10424565453315023,Moderate,['No alerts']
2025-05-01,379,C039,95647219,0.472,187445658,50,18802297,0.01,0.675,0.315,0.01,0.449,0.535,36,1214,0.905,0.5625179055133573,-0.5230735812118401,0.5534674386994219,-1.2732772624916713,-1.3741594758734754,-0.4109049950728415,Low Risk,['No alerts']
2025-05-01,386,C040,9502872,0.628,244852718,210,24530627,,0.827,0.075,0.026,0.178,0.852,39,2974,0.33,1.3493309252503953,,-1.1157585220920825,-0.7295147366807575,0.05803947973514213,-0.10947571344682563,Moderate,['High spend volatility']
2025-05-01,394,C041,92485119,0.511,867341939,60,82135789,0.01,0.639,0.351,0.04,0.167,0.737,25,1767,0.791,0.759221160447617,-0.5230735812118401,0.8038513328181475,-0.2537225265962077,-0.924156054025995,-0.027575933713655677,Moderate,['No alerts']
2025-05-01,399,C042,92008444,0.474,823694790,113,86198232,0.117,0.86,0.023,0.033,0.742,0.771,99,4895,0.35,0.5726052519202425,1.7360131267464605,-1.4774241469302418,-0.4916186316384825,1.6212520898056844,0.3921655379807326,High Risk,"['High amendment rate', 'Vendor concentration risk']"
2025-05-01,414,C043,31784388,0.628,47037933,37,4935638,0.01,0.672,0.318,0.039,0.618,0.666,24,4541,0.886,1.3493309252503953,-0.5230735812118401,0.5743327632093157,-0.2877076844593898,1.333184799870769,0.48921344453185006,High Risk,"['High spend volatility', 'Vendor concentration risk']"
2025-05-01,429,C044,74744229,0.307,688561731,122,64359911,0.01,0.777,0.213,0.076,0.173,0.365,61,2707,0.763,-0.26968817305466336,-0.5230735812118401,-0.15595359463696754,0.9697431564783486,-0.1592316118259379,-0.02764076085021207,Moderate,['Low invoice quality']
2025-05-01,453,C047,66375735,0.234,843615161,168,81910208,0.162,0.755,0.084,0.023,0.14,0.804,32,1635,0.554,-0.6378763169059695,2.6860963216821943,-1.053162548562401,-0.8314702102703038,-1.0315709756966414,-0.17359674595062424,Low Risk,['High amendment rate']
2025-05-01,475,C048,32958895,0.158,307127643,200,33481992,0.148,0.803,0.049,0.062,0.547,0.638,3,4550,0.748,-1.0211954803676033,2.3905148832577434,-1.2965913345111624,0.493950946393799,1.3405085445301315,0.3814375118605816,High Risk,"['Low invoice quality', 'High amendment rate', 'Vendor concentration risk']"
2025-05-01,481,C049,93329337,0.324,181463171,38,19185696,0.082,0.829,0.089,0.019,0.506,0.803,74,3528,0.793,-0.18394572859613992,0.997059530685334,-1.018387007712578,-0.9674108417230323,0.5088566509892183,-0.13276547927143958,Moderate,['High amendment rate']
2025-05-01,491,C050,58244104,0.57,817654672,47,88496212,0.027,0.92,0.053,0.042,0.67,0.757,54,4674,0.563,1.0567978794507271,-0.16415326312500736,-1.2687709018313038,-0.18575221086984336,1.4414134709480113,0.17590699491451678,Moderate,['Vendor concentration risk']
2025-06-01,3,C001,72656597,0.174,480381782,68,43816491,0.01,,0.252,0.059,0.28,0.63,72,1258,0.816,-0.9000414202804413,-0.5256939533209796,0.111300747141098,0.3447987262757767,-1.3235648089965457,-0.4586401418362184,Low Risk,['No alerts']
2025-06-01,10,C002,70395527,0.621,23348260,86,2300679,0.01,0.735,0.255,0.037,0.252,0.386,22,1515,0.315,1.3609463427225226,-0.5256939533209796,0.1320416072295081,-0.41009099112251957,-1.112374788761242,-0.11103435665054211,Moderate,['High spend volatility']
2025-06-01,23,C003,17080913,0.039,299521262,131,29154689,0.01,0.619,0.371,0.052,0.583,0.878,35,3842,0.308,-1.58289007353637,-0.5256939533209796,0.9340215306480321,0.10460654346722788,0.7998399080774785,-0.05402320893292223,Moderate,['Vendor concentration risk']
2025-06-01,36,C004,9500106,0.285,127517567,47,12025529,0.056,0.829,0.116,0.079,0.716,0.887,65,4920,0.415,-0.3385880831589001,0.4368101730555245,-0.8289515768668267,1.0310621057287734,1.6856875415936543,0.3972040320704451,High Risk,"['Low invoice quality', 'High amendment rate', 'Vendor concentration risk']"
2025-06-01,41,C005,54081968,0.108,79064771,152,8199398,0.01,0.595,0.395,0.002,0.114,0.885,42,1278,0.81,-1.2338785396500065,-0.5256939533209796,1.099948411355313,-1.6110519051652636,-1.3071297879665609,-0.7155611549494996,Low Risk,['High friction']
2025-06-01,58,C006,21145825,0.337,131390092,123,14420287,0.076,0.801,,0.012,0.342,0.789,42,2605,0.579,-0.07556489820106065,0.8552902280018305,,-1.2679202154387652,-0.21666614262707562,-0.17621525706626773,Moderate,['High amendment rate']
2025-06-01,74,C008,31907459,0.505,8609337,56,815713,0.01,0.85,0.14,0.088,0.45,0.727,35,1117,0.304,0.7742023147396505,-0.5256939533209796,-0.6630246961595458,1.3398806264826217,-1.439431707257938,-0.1028134831032382,Moderate,"['Low invoice quality', 'High spend volatility']"
2025-06-01,84,C009,86042113,0.386,106944568,132,9845807,0.01,0.602,0.388,0.047,0.189,0.844,47,2609,0.304,0.17228387223998007,-0.5256939533209796,1.0515530711490229,-0.06695930139602119,-0.2133791384210787,0.08356091005018469,Moderate,['High friction']
2025-06-01,98,C011,67866336,0.084,771659326,123,72473412,0.126,,0.023,0.054,0.673,0.846,55,3813,0.613,-1.3552738557843937,1.901490365367596,-1.47191823960754,0.1732328814125276,0.7760091275840006,0.004708055794438093,Moderate,['High amendment rate']
2025-06-01,106,C012,97531950,0.632,108611814,108,10936959,0.01,0.563,0.427,0.09,0.565,0.763,17,4258,0.326,1.4165858626174501,-0.5256939533209796,1.321184252298354,1.4085069644279213,1.1416883455011604,0.9524542943047812,High Risk,"['Low invoice quality', 'High spend volatility', 'High friction', 'Vendor concentration risk']"
2025-06-01,119,C013,70276024,0.49,523592446,164,53138224,0.01,0.828,0.162,0.064,0.54,0.77,69,4351,0.491,0.6983302421556584,-0.5256939533209796,-0.5109250555112052,0.516364571139026,1.2181111932905893,0.27923739955061777,Moderate,"['High spend volatility', 'Vendor concentration risk']"
2025-06-01,129,C014,27263177,0.466,626639933,18,65580054,0.01,0.857,0.133,0.063,0.426,0.693,55,1504,0.955,0.5769349260212713,-0.5256939533209796,-0.7114200363658361,0.4820514021663761,-1.1214140503277337,-0.2599083423653804,Moderate,['High spend volatility']
2025-06-01,139,C015,45519438,0.6,830281052,131,75579048,0.012,0.95,0.038,0.001,0.123,0.604,26,1508,0.985,1.2547254411049336,-0.483845947826349,-1.3682139391654895,-1.6453650741379133,-1.1181270461217367,-0.672165313229311,Low Risk,['High spend volatility']
2025-06-01,150,C016,96493995,0.06,758388336,27,79435151,0.15,,0.071,0.047,0.429,0.751,26,1815,0.789,-1.476669171918781,2.4036664313031633,-1.1400644781929785,-0.06695930139602119,-0.8658494733114716,-0.2291751987032178,Moderate,['High amendment rate']
2025-06-01,161,C017,66238988,0.185,248205558,89,24556941,0.156,0.752,0.092,0.057,0.464,0.772,39,2891,0.516,-0.8444019003855138,2.5292104477870554,-0.9948784575741075,0.2761723883304772,0.018354658101705685,0.1968914272519234,Moderate,['High amendment rate']
2025-06-01,162,C018,18733945,0.5,212633477,83,21973450,0.01,0.802,0.188,0.021,0.265,0.316,14,2459,0.56,0.7489116238783198,-0.5256939533209796,-0.3311709347449842,-0.9591016946849168,-0.336641796145964,-0.28073935100370495,Low Risk,['High spend volatility']
2025-06-01,174,C019,58942039,0.47,396690857,92,41970201,0.044,0.775,0.181,0.097,0.089,0.731,74,1810,0.511,0.5971674787103355,0.18572214008774074,-0.37956627495127454,1.6486991472364705,-0.8699582285689678,0.2364128525028609,Moderate,"['Low invoice quality', 'High spend volatility', 'High amendment rate']"
2025-06-01,185,C020,11638187,0.14,238444335,132,22071125,0.01,0.535,0.455,0.097,0.072,0.466,38,2162,0.429,-1.07201811813749,-0.5256939533209796,1.5147656131235152,1.6486991472364705,-0.5807018584412369,0.19701016609205588,Moderate,"['Low invoice quality', 'High friction']"
2025-06-01,195,C021,10672645,0.114,507724118,220,52859590,0.154,0.823,0.023,0.075,0.526,0.877,47,3860,0.611,-1.2035297106164096,2.4873624422924245,-1.47191823960754,0.893809429838174,0.8146314270044648,0.30407106978222276,High Risk,"['High amendment rate', 'Vendor concentration risk']"
2025-06-01,207,C022,83882555,0.614,696894717,203,65082295,0.01,0.628,0.362,0.01,0.195,0.671,93,2725,0.519,1.3255393755166596,-0.5256939533209796,0.8717989503828018,-1.3365465533840648,-0.11805601644716739,0.04340836054944991,Moderate,['High spend volatility']
2025-06-01,230,C024,18010317,0.413,456190053,173,49611579,0.01,0.737,0.253,0.029,0.638,0.841,87,4684,0.694,0.30885360289116565,-0.5256939533209796,0.11821436717056805,-0.6845963429037181,1.4917542934398347,0.14170639345537414,Moderate,['Vendor concentration risk']
2025-06-01,242,C026,14393839,0.204,463661379,64,42433131,0.115,0.826,0.06,0.054,0.324,0.469,9,2595,0.379,-0.7482972751124572,1.6713263351471275,-1.2161142985171487,0.1732328814125276,-0.22488365314206799,-0.06894720204240376,Moderate,['High amendment rate']
2025-06-01,257,C027,51106252,0.617,689271712,193,67743588,0.01,0.611,0.379,0.088,0.128,0.816,20,1863,0.345,1.340713790033458,-0.5256939533209796,0.9893304908837924,1.3398806264826217,-0.8264054228395082,0.4635651062478769,High Risk,"['Low invoice quality', 'High spend volatility', 'High friction']"
2025-06-01,267,C028,20299186,0.071,531860195,94,48674487,0.01,0.627,0.363,0.069,0.758,0.837,53,4442,0.558,-1.4210296520238535,-0.5256939533209796,0.8787125704122718,0.6879304160022753,1.2928905389770198,0.1825619840093468,Moderate,['Vendor concentration risk']
2025-06-01,276,C029,13877708,0.287,620688690,208,63260152,0.01,0.773,0.217,0.074,0.43,0.792,41,1077,0.757,-0.3284718068143678,-0.5256939533209796,-0.13067595389035325,0.8594962608655241,-1.4723017493179071,-0.3195294404956167,Low Risk,['No alerts']
2025-06-01,287,C030,35282823,0.038,104463687,111,10348483,0.01,0.792,0.198,0.087,0.675,0.729,58,3823,0.312,-1.5879482117086363,-0.5256939533209796,-0.2620347344502838,1.3055674575099718,0.7842266380989931,-0.05717656077418698,Moderate,"['Low invoice quality', 'Vendor concentration risk']"
2025-06-01,294,C031,45262900,0.299,767559155,85,70451440,0.01,0.569,0.421,0.02,0.238,0.793,19,2520,0.525,-0.2677741487471741,-0.5256939533209796,1.2797025321215338,-0.9934148636575666,-0.28651498200451064,-0.1587390831217394,Moderate,['High friction']
2025-06-01,307,C032,26539621,0.101,98467364,168,10661212,0.01,0.93,0.06,0.068,0.387,0.442,65,1243,0.862,-1.2692855068558693,-0.5256939533209796,-1.2161142985171487,0.6536172470296254,-1.3358910747690342,-0.7386735172866812,Low Risk,['No alerts']
2025-06-01,325,C034,77225061,0.291,555790896,32,52009264,0.01,0.815,0.175,0.05,0.47,0.682,24,2093,0.722,-0.30823925412530323,-0.5256939533209796,-0.42104799512809477,0.0359802055219284,-0.6374026809946841,-0.37128073560942665,Low Risk,['No alerts']
2025-06-01,338,C035,16008977,0.283,366231546,174,35948758,0.01,0.542,0.448,0.043,0.342,0.696,94,2549,0.616,-0.34870435950343237,-0.5256939533209796,1.4663702729172248,-0.20421197728662063,-0.2626842015110328,0.02501515625903188,Moderate,['High friction']
2025-06-01,354,C036,96965747,0.414,9397695,57,854144,0.119,0.812,0.069,0.081,0.267,0.708,54,2367,0.465,0.3139117410634318,1.7550223461363887,-1.1538917182519184,1.0996884436740733,-0.41224289288389365,0.3204975839476163,High Risk,"['Low invoice quality', 'High amendment rate']"
2025-06-01,363,C037,66918596,0.433,689234903,128,75115831,0.01,0.62,0.37,0.06,0.784,0.812,76,3741,0.916,0.4100163663364885,-0.5256939533209796,0.927107910618562,0.37911189524842653,0.7168430518760557,0.3814770541517106,High Risk,['No alerts']
2025-06-01,367,C038,69708699,0.131,38078969,58,3643694,,0.546,0.444,0.066,0.746,0.778,8,4258,0.608,-1.1175413616878853,,1.4387157927993448,0.5849909090843257,1.1416883455011604,0.5119634214242363,High Risk,"['High friction', 'Vendor concentration risk']"
2025-06-01,387,C040,50776208,0.457,164820229,217,17997761,0.051,0.857,0.092,0.054,0.325,0.665,47,1117,0.616,0.5314116824708759,0.33219015931894785,-0.9948784575741075,0.1732328814125276,-1.439431707257938,-0.27949508832593883,Low Risk,['High amendment rate']
2025-06-01,391,C041,71520378,0.094,222208216,189,23329011,0.173,0.796,0.031,0.086,0.486,0.529,7,1281,0.81,-1.3046924740617323,2.8849184944914152,-1.4166092793717797,1.271254288537322,-1.3046645348120631,0.02604129895663241,Moderate,"['Low invoice quality', 'High amendment rate']"
2025-06-01,402,C042,81076003,0.699,155256767,118,16977574,0.01,0.553,0.437,0.073,0.204,0.799,12,2317,0.338,1.755481120159281,-0.5256939533209796,1.3903204525930544,0.8251830918928743,-0.4533304454588554,0.598392053173075,High Risk,"['High spend volatility', 'High friction']"
2025-06-01,424,C044,64895673,0.399,554033599,100,53257437,0.01,0.511,0.479,0.039,0.672,0.894,7,3516,0.761,0.23803966847943994,-0.5256939533209796,1.6806924938307957,-0.34146465317721986,0.5319490652887278,0.31670452422015277,High Risk,['High friction']
2025-06-01,432,C045,83189238,0.097,238296453,105,22186379,0.01,0.727,0.263,0.042,0.424,0.585,48,2716,0.629,-1.2895180595449338,-0.5256939533209796,0.18735056746526846,-0.23852514625927027,-0.1254517759106605,-0.3983676735141152,Low Risk,['No alerts']
2025-06-01,443,C046,69377127,0.128,646745629,81,66984929,0.01,0.532,0.458,0.077,0.514,0.889,100,4258,0.909,-1.1327157762046836,-0.5256939533209796,1.5355064732119252,0.9624357677834737,1.1416883455011604,0.3962441713941792,High Risk,"['Low invoice quality', 'High friction', 'Vendor concentration risk']"
2025-06-01,454,C047,83133854,0.201,74874637,114,7028892,0.01,0.914,0.076,0.061,0.056,0.651,96,2221,0.934,-0.7634716896292555,-0.5256939533209796,-1.1054963780456282,0.4134250642210764,-0.532218546402782,-0.5026911006355137,Low Risk,['No alerts']
2025-06-01,470,C048,70640586,0.393,297947550,201,29268190,0.023,0.829,0.148,0.012,0.73,0.869,65,3942,0.908,0.20769083944584307,-0.25368191760588066,-0.6077157359237857,-1.2679202154387652,0.8820150132274021,-0.20792240325903727,Moderate,['Vendor concentration risk']
2025-06-01,477,C049,22159528,0.247,709769291,142,66608138,0.01,0.844,0.146,0.026,0.254,0.456,22,1682,0.562,-0.5307973337050133,-0.5256939533209796,-0.6215429759827258,-0.7875358498216677,-0.9751423631608699,-0.6881424951982512,Low Risk,['No alerts']
2025-06-01,490,C050,72151749,0.286,69868477,15,7437366,0.01,0.645,0.345,0.097,0.798,0.866,26,3809,0.63,-0.3335299449866339,-0.5256939533209796,0.7542674098818111,1.6486991472364705,0.7727221233780037,0.4632929564377344,High Risk,['Low invoice quality']
2025-07-01,2,C001,16987409,0.078,467365513,46,42194928,0.01,0.531,0.459,0.066,0.506,0.7,91,3811,0.908,-1.3802118474528606,-0.4995445998078278,1.5232013528280226,0.5901117256291014,0.8552683871811525,0.2177650036755176,High Risk,"['High friction', 'Vendor concentration risk']"
2025-07-01,14,C002,28034261,0.318,503156205,111,51404043,0.01,0.55,0.44,0.065,0.359,0.61,83,1750,0.438,-0.16242450148288742,-0.4995445998078278,1.3917218338747488,0.5558264367484919,-0.8387214155181744,0.08937155076287025,Moderate,['High friction']
2025-07-01,38,C004,57909657,0.138,26263993,191,2568515,0.01,0.862,0.128,0.096,0.501,0.614,79,3505,0.933,-1.0757650109603674,-0.4995445998078278,-0.7673102668316398,1.6186703920473857,0.6037589841602917,-0.024038100278431517,Moderate,"['Low invoice quality', 'Vendor concentration risk']"
2025-07-01,46,C005,76777612,0.589,891828502,146,93301208,0.01,0.84,0.15,0.055,0.729,0.847,46,3559,0.367,1.2126603766748738,-0.4995445998078278,-0.6150708238331125,0.212973547942397,0.6481429964580907,0.19183229948688424,High Risk,"['High spend volatility', 'Vendor concentration risk']"
2025-07-01,55,C006,36147850,0.077,387810240,47,40565907,0.01,,0.365,0.006,0.076,0.797,86,1213,0.7,-1.3852859613944022,-0.4995445998078278,0.8727237327434053,-1.4670056072074675,-1.280095760035175,-0.7518416391402934,Low Risk,['No alerts']
2025-07-01,60,C007,39517557,0.161,198671241,168,21000436,0.01,0.799,0.191,0.055,0.266,0.707,87,1939,0.714,-0.9590603903049116,-0.4995445998078278,-0.3313518618813114,0.212973547942397,-0.6833773724758779,-0.45207213530550633,Low Risk,['No alerts']
2025-07-01,70,C008,63260633,0.607,6389607,194,693260,0.01,0.664,0.326,0.042,0.293,0.578,70,2439,0.318,1.3039944276226219,-0.4995445998078278,0.6028447201551069,-0.23273520750552612,-0.27241429564440617,0.18042900896399372,High Risk,['High spend volatility']
2025-07-01,88,C010,59574751,0.212,874103820,161,88816515,0.01,0.863,0.127,0.087,0.476,0.518,35,1012,0.465,-0.7002805792862923,-0.4995445998078278,-0.7742302415133911,1.3101027921219002,-1.4453029169214267,-0.42185110908140755,Moderate,['Low invoice quality']
2025-07-01,112,C012,38005065,0.362,125074281,88,13132066,0.01,0.544,0.446,0.045,0.763,0.864,29,3628,0.726,0.06083651194494093,-0.4995445998078278,1.4332416819652563,-0.12987934086369785,0.7048559010608338,0.3139020308599011,High Risk,"['High friction', 'Vendor concentration risk']"
2025-07-01,135,C015,93481670,0.69,716461500,149,74864536,0.01,0.75,0.24,0.053,0.031,0.811,5,1120,0.657,1.7251458847705707,-0.4995445998078278,0.007726897524499593,0.144402970181178,-1.356534892325829,0.004239252068518296,Moderate,['High spend volatility']
2025-07-01,147,C016,76674967,0.524,462579897,13,47995459,0.01,0.509,0.481,0.007,0.388,0.638,90,2245,0.952,0.8828429704746731,-0.4995445998078278,1.6754407958265498,-1.432720318326858,-0.4318679694550172,0.038830175742304,Moderate,"['High spend volatility', 'High friction']"
2025-07-01,151,C017,48358783,0.139,822140264,49,75235116,0.01,0.797,0.193,0.011,0.131,0.704,70,1347,0.675,-1.0706908970188258,-0.4995445998078278,-0.31751191251780886,-1.2955791628044202,-1.1699576554443405,-0.8706568455186445,Low Risk,['No alerts']
2025-07-01,166,C018,65483518,0.133,627257066,162,63085334,0.01,0.803,0.187,0.089,0.499,0.685,46,1240,0.308,-1.1011355806680752,-0.4995445998078278,-0.3590317606083164,1.378673369883119,-1.2579037538862756,-0.3677884650174752,Moderate,['Low invoice quality']
2025-07-01,172,C019,84699995,0.121,555548230,9,56261672,0.012,0.928,0.06,0.06,0.369,0.853,42,2019,0.904,-1.1620249479665739,-0.4572026770107712,-1.2378685451907245,0.3843999923454443,-0.6176232801828425,-0.6180638916010934,Low Risk,['High amendment rate']
2025-07-01,193,C021,31857151,0.533,99374230,210,10450105,0.029,0.878,0.093,0.059,0.393,0.873,40,2400,0.83,0.9285099959485471,-0.09729633323578975,-1.0095093806929334,0.3501147034648348,-0.30446941563726093,-0.026530086030520438,Moderate,"['High spend volatility', 'High amendment rate']"
2025-07-01,210,C022,45596445,0.58,480583441,191,48141352,0.181,0.812,0.007,0.002,0.051,0.428,31,2642,0.661,1.1669933512009998,3.1206897993405143,-1.6046272033235405,-1.6041467627299053,-0.10556328645082859,0.1946691796074479,High Risk,"['High spend volatility', 'High amendment rate']"
2025-07-01,214,C023,47540910,0.111,179838380,199,18778938,0.032,0.888,0.081,0.014,0.191,0.559,58,1326,0.572,-1.2127660873819894,-0.03378344904020481,-1.0925490768739483,-1.1927232961625918,-1.1872181046712624,-0.9438080028259993,Low Risk,['High amendment rate']
2025-07-01,229,C024,46363370,0.435,884509978,200,81001480,0.01,0.501,0.489,0.091,0.438,0.753,35,2060,0.783,0.4312468296774745,-0.4995445998078278,1.7308005932805597,1.4472439476443382,-0.5839243078826618,0.5051644925823766,High Risk,"['Low invoice quality', 'High friction']"
2025-07-01,233,C025,7002014,0.522,890062405,49,97685757,0.01,0.838,0.152,0.033,0.495,0.828,67,1074,0.361,0.87269474259159,-0.4995445998078278,-0.60123087446961,-0.5413028074310114,-1.3943434953943241,-0.4327454069022367,Low Risk,['No alerts']
2025-07-01,249,C026,40710078,0.071,592482253,195,62407421,0.01,0.536,0.454,0.052,0.112,0.888,84,1383,0.91,-1.4157306450436515,-0.4995445998078278,1.4886014794192663,0.11011768130056848,-1.1403683139124747,-0.29138487960882387,Moderate,['High friction']
2025-07-01,266,C028,42047975,0.118,17024293,171,1742196,0.01,0.597,0.393,0.002,0.067,0.593,83,2436,0.692,-1.1772472897911985,-0.4995445998078278,1.0664830238324403,-1.6041467627299053,-0.274880074105395,-0.4978671405203773,Low Risk,['No alerts']
2025-07-01,273,C029,25892445,0.693,501763168,187,53532281,0.201,0.751,0.048,0.043,0.286,0.775,20,1064,0.795,1.7403682265951954,3.544109027311081,-1.3209082413717397,-0.19844991862491687,-1.4025627569309536,0.4725112673957333,High Risk,"['High spend volatility', 'High amendment rate']"
2025-07-01,284,C030,74674232,0.157,135828872,57,14446747,0.01,0.584,0.406,0.046,0.334,0.622,42,2997,0.829,-0.9793568460710779,-0.4995445998078278,1.1564426946952067,-0.09559405198308833,0.1862204980995164,-0.04636646101345417,Moderate,"['High friction', 'Vendor concentration risk']"
2025-07-01,303,C031,32001294,0.653,777538656,79,79315508,0.01,0.696,0.294,0.093,0.422,0.781,32,1604,0.744,1.5374036689335338,-0.4995445998078278,0.3814055303390668,1.5158145254055573,-0.9587226339529641,0.3952712981834732,High Risk,"['Low invoice quality', 'High spend volatility']"
2025-07-01,311,C032,79804471,0.574,337075197,49,31624098,0.12,0.765,0.115,0.011,0.025,0.844,57,1034,0.953,1.1365486675517504,1.8292611540302872,-0.8572699376944061,-1.2955791628044202,-1.4272205415408419,-0.12285196409152613,Moderate,"['High spend volatility', 'High amendment rate']"
2025-07-01,328,C034,67490833,0.219,508704741,210,50747272,0.01,0.558,0.432,0.074,0.483,0.868,11,1219,0.741,-0.6647617816955014,-0.4995445998078278,1.336362036420739,0.864394036673977,-1.2751642031131973,-0.04774290230436216,Moderate,"['Low invoice quality', 'High friction']"
2025-07-01,340,C035,99794423,0.526,253240946,94,23454382,0.01,0.82,0.17,0.096,0.799,0.85,45,4847,0.631,0.8929911983577562,-0.4995445998078278,-0.47667133019808744,1.6186703920473857,1.7067838823759622,0.6484459085550378,High Risk,"['Low invoice quality', 'High spend volatility', 'Vendor concentration risk']"
2025-07-01,349,C036,8774789,0.346,818722641,142,87868886,0.028,0.818,0.154,0.072,0.138,0.87,83,1091,0.61,-0.020349311119724028,-0.11846729463431808,-0.5873909251061075,0.795823458912758,-1.3803707507820542,-0.26215096454588915,Moderate,"['Low invoice quality', 'High amendment rate']"
2025-07-01,370,C038,41888577,0.253,255728216,57,23549903,0.01,0.736,0.254,0.011,0.383,0.617,73,2505,0.551,-0.4922419076830885,-0.4995445998078278,0.10460654306901712,-1.2955791628044202,-0.21816716950265186,-0.48018525934579415,Low Risk,['No alerts']
2025-07-01,377,C039,8590309,0.451,325035436,104,33824197,0.01,0.588,0.402,0.048,0.484,0.766,52,1774,0.889,0.5124326527421394,-0.4995445998078278,1.1287627959682016,-0.027023474221869313,-0.8189951878302637,0.059126437370076036,Moderate,['High friction']
2025-07-01,384,C040,88491733,0.502,417101624,199,41171115,0.051,0.813,0.136,0.059,0.042,0.451,39,1388,0.738,0.7712124637607587,0.3684648175318332,-0.7119504693776298,0.3501147034648348,-1.13625868314416,-0.07168343355287261,Moderate,['High amendment rate']
2025-07-01,397,C041,31655347,0.363,663386514,123,69341258,0.01,0.599,0.391,0.037,0.444,0.521,51,2580,0.83,0.06591062588648249,-0.4995445998078278,1.052643074468938,-0.40416165190857367,-0.1565227079779311,0.011664948132217568,Moderate,['No alerts']
2025-07-01,404,C042,10850544,0.174,636662636,179,65279058,0.01,0.675,0.315,0.015,0.45,0.896,88,2715,0.915,-0.8930969090648715,-0.4995445998078278,0.5267249986558431,-1.1584380072819822,-0.045562677233433706,-0.4139834389464544,Moderate,['Vendor concentration risk']
2025-07-01,413,C043,27995322,0.175,338819409,130,36045735,0.01,0.689,,0.06,0.78,0.785,24,4695,0.709,-0.8880227951233299,-0.4995445998078278,,0.3843999923454443,1.5818511070191947,0.1446709261083703,Moderate,['Vendor concentration risk']
2025-07-01,428,C044,59443500,0.329,409765022,22,43094711,0.01,0.523,0.467,0.011,0.483,0.544,54,1142,0.546,-0.10660924812593026,-0.4995445998078278,1.5785611502820327,-1.2955791628044202,-1.3384525169452441,-0.33232487548027795,Moderate,['High friction']
2025-07-01,435,C045,96206338,0.063,26800259,28,2471806,0.01,0.639,0.351,0.04,0.319,0.688,63,2006,0.988,-1.456323556575984,-0.4995445998078278,0.7758440871988878,-0.3013057852667452,-0.6283083201804608,-0.421927634926426,Moderate,['No alerts']
2025-07-01,445,C046,95619082,0.291,785161205,218,79116468,,0.81,0.164,0.09,0.015,0.622,74,2727,0.7,-0.2994255779045095,,-0.518191178288595,1.4129586587637286,-0.035699563389478384,0.13991058479528645,Moderate,"['Low invoice quality', 'Vendor concentration risk']"
2025-07-01,460,C047,45240149,0.446,89851247,97,9536288,0.01,0.913,0.077,0.086,0.586,0.871,44,4349,0.434,0.48706208303443166,-0.4995445998078278,-1.1202289756009534,1.2758175032412906,1.2974646578518163,0.2881141337437515,High Risk,"['Low invoice quality', 'Vendor concentration risk']"
2025-07-01,466,C048,22347298,0.427,188995869,30,18556367,0.01,0.746,0.244,0.022,0.227,0.561,49,2021,0.477,0.39065391814514205,-0.4995445998078278,0.0354067962515046,-0.9184409851177159,-0.6159794278755166,-0.32158085968088274,Moderate,['No alerts']
2025-07-01,486,C049,78656200,0.305,784210595,220,79459948,0.01,0.794,0.196,0.042,0.089,0.662,31,1510,0.543,-0.2283879827229277,-0.4995445998078278,-0.29675198847255513,-0.23273520750552612,-1.0359836923972807,-0.4586806941812235,Low Risk,['No alerts']
2025-07-01,496,C050,79318491,0.408,863917734,199,88043704,0.01,0.788,0.202,0.014,0.303,0.564,10,1909,0.505,0.2942457532558524,-0.4995445998078278,-0.2552321403820476,-1.1927232961625918,-0.7080351570857663,-0.47225788803647617,Low Risk,['No alerts']
2025-08-01,6,C001,96386327,0.664,583527409,140,63724564,0.01,0.744,0.246,0.028,0.214,0.879,48,2796,0.589,1.5728413780742034,-0.48911594804261305,0.025499296843042456,-0.7255245505900296,-0.003005023057512912,0.07613903064541808,Moderate,['High spend volatility']
2025-08-01,15,C002,63468688,0.035,361607150,169,39714342,0.01,0.817,0.173,0.02,0.304,0.632,94,1423,0.955,-1.5367801781143928,-0.48911594804261305,-0.4807653495995845,-0.9932991976905892,-1.1083337335180887,-0.9216588813930537,Low Risk,['No alerts']
2025-08-01,25,C003,9717381,0.073,21536978,83,2327131,0.01,0.707,0.283,0.099,0.706,0.858,58,4479,0.341,-1.3489175085831262,-0.48911594804261305,0.2820991861358806,1.6509754424274365,1.3518880721392454,0.28938584881536467,High Risk,"['Low invoice quality', 'Vendor concentration risk']"
2025-08-01,34,C004,59301355,0.568,166113859,169,17197836,0.01,0.498,0.492,0.002,0.754,0.779,85,4372,0.776,1.0982409497846874,-0.48911594804261305,1.7315418040332646,-1.5957921536668482,1.2657481070851437,0.402124551838727,High Risk,"['High spend volatility', 'High friction']"
2025-08-01,52,C006,74435039,0.556,629753023,116,63968398,0.01,0.551,0.439,0.058,0.604,0.839,51,3560,0.889,1.0389158962484986,-0.48911594804261305,1.3639798004516315,0.27863037603706875,0.6120504283568207,0.5608921106102813,High Risk,['High friction']
2025-08-01,67,C007,10117657,0.112,839281700,176,80333368,0.01,0.656,0.334,0.052,0.348,0.584,64,2034,0.812,-1.1561110845905107,-0.48911594804261305,0.6357909254314148,0.07779939071164892,-0.6164503816670969,-0.30961741963143136,Low Risk,['No alerts']
2025-08-01,73,C008,35217918,0.161,566067150,174,51904632,0.218,0.768,0.014,0.098,0.207,0.369,95,1286,0.566,-0.9138671159844037,3.8184990101428538,-1.583451360344484,1.6175036115398667,-1.218625090643434,0.3440118109420798,High Risk,"['Low invoice quality', 'High amendment rate']"
2025-08-01,87,C009,47804810,0.045,150350689,35,14827512,0.01,0.793,0.197,0.008,0.589,0.889,5,4566,0.624,-1.4873426335009017,-0.48911594804261305,-0.31432217816639196,-1.3949611683414285,1.4219271091458514,-0.45276296378109676,Low Risk,['Vendor concentration risk']
2025-08-01,97,C011,92038483,0.172,737721821,148,70293497,0.01,0.602,0.388,0.006,0.293,0.449,30,1399,0.554,-0.8594858169095635,-0.48911594804261305,1.0102880611560976,-1.4619048301165685,-1.1276548471750836,-0.5855746762175462,Low Risk,['No alerts']
2025-08-01,113,C012,65752557,0.114,126993688,180,12755075,0.01,0.665,0.325,0.099,0.016,0.775,96,2744,0.414,-1.1462235756678123,-0.48911594804261305,0.5733747361439676,1.6509754424274365,-0.04486743598100158,0.10882864377599544,Moderate,['Low invoice quality']
2025-08-01,117,C013,72192514,0.282,77091311,55,7952758,0.01,0.692,0.298,0.1,0.172,0.417,7,2974,0.924,-0.31567282616116044,-0.48911594804261305,0.38612616828162594,1.6844472733150064,0.14029323656519832,0.2812155807916114,Moderate,['Low invoice quality']
2025-08-01,126,C014,53550574,0.636,422204931,29,38008547,0.01,0.535,0.455,0.071,0.755,0.814,96,4277,0.745,1.434416253156428,-0.48911594804261305,1.4749419147404266,0.7137641775754777,1.1892686988595396,0.8646550192578518,High Risk,"['High spend volatility', 'High friction']"
2025-08-01,138,C015,23451476,0.074,808985037,82,78271269,0.182,0.815,0.003,0.081,0.647,0.654,23,4410,0.767,-1.343973754121777,3.0729502673799844,-1.6597378139180305,1.0484824864511775,1.2963398703753855,0.482812211233348,High Risk,"['High amendment rate', 'Vendor concentration risk']"
2025-08-01,142,C016,3981052,0.614,856544167,130,78869052,0.042,0.877,0.081,0.024,0.261,0.427,9,1372,0.837,1.3256536550067473,0.1735940455243819,-1.1187975067601554,-0.8594118741403094,-1.1493911000392028,-0.3256705560817077,Low Risk,"['High spend volatility', 'High amendment rate']"
2025-08-01,158,C017,15856963,0.501,528335723,87,50781576,0.01,0.784,0.206,0.031,0.673,0.674,97,4723,0.721,0.7670094008742968,-0.48911594804261305,-0.25190598887894494,-0.6251090579273199,1.5483193943186924,0.18983956006882224,Moderate,['Vendor concentration risk']
2025-08-01,163,C018,6530457,0.529,301572811,81,31208116,0.01,0.719,0.271,0.016,0.736,0.87,58,4263,0.345,0.9054345257920723,-0.48911594804261305,0.1988776004192847,-1.127186521240869,1.1779980492262925,0.1332015412308335,Moderate,['No alerts']
2025-08-01,171,C019,50361224,0.511,468351347,13,45190281,0.01,0.679,0.311,0.094,0.776,0.786,4,4214,0.765,0.8164469454877881,-0.48911594804261305,0.4762828861412719,1.4836162879895867,1.1385507755099282,0.6851561894171924,High Risk,['Low invoice quality']
2025-08-01,190,C020,75008333,0.634,81145435,217,8051119,0.01,0.601,0.389,0.07,0.133,0.778,54,2819,0.375,1.4245287442337298,-0.48911594804261305,1.0172231932991473,0.6802923466879082,0.015511044197107077,0.5296878760750559,High Risk,"['High spend volatility', 'High friction']"
2025-08-01,197,C021,15965868,0.319,606191008,108,54690632,0.01,0.897,0.093,0.048,0.109,0.618,44,1443,0.598,-0.13275391109124285,-0.48911594804261305,-1.0355759210435591,-0.05608793283863075,-1.0922328054705932,-0.5611533036973277,Low Risk,['No alerts']
2025-08-01,208,C022,30600108,0.035,180473758,8,18899042,0.01,0.664,0.326,0.084,0.712,0.752,4,3551,0.686,-1.5367801781143928,-0.48911594804261305,0.5803098682870172,1.1488979791138874,0.6048050107354476,0.061623346395869194,Moderate,['No alerts']
2025-08-01,218,C023,33901430,0.098,204211533,148,21729242,0.01,0.704,0.286,0.079,0.343,0.857,31,2097,0.837,-1.2253236470493982,-0.48911594804261305,0.30290458256502967,0.9815388246760375,-0.5657324583174856,-0.19914572923368595,Low Risk,['No alerts']
2025-08-01,224,C024,15845241,0.384,869270457,110,91247352,0.128,0.871,0.001,0.067,0.349,0.899,81,2877,0.717,0.1885901288964499,1.9546271532356807,-1.67360807820413,0.5798768540251983,0.06220373553484444,0.22233795869760858,Moderate,['High amendment rate']
2025-08-01,236,C025,16919458,0.067,115976896,50,12557043,0.01,0.566,0.424,0.055,0.761,0.782,8,4988,0.869,-1.378580035351221,-0.48911594804261305,1.2599528183058861,0.17821488337435884,1.7616566909480096,0.2664256818468841,Moderate,"['High friction', 'Vendor concentration risk']"
2025-08-01,244,C026,72066625,0.071,62393278,76,5927093,0.016,0.877,0.107,0.029,0.613,0.719,95,4334,0.58,-1.3588050175058244,-0.36485782424880153,-0.9384840710408635,-0.6920527197024596,1.235156343794902,-0.42380865774060955,Low Risk,['High amendment rate']
2025-08-01,253,C027,15417302,0.349,670253700,7,66101078,0.084,0.801,0.115,0.074,0.287,0.408,81,2246,0.567,0.015558722749230574,1.0434009120810628,-0.883003013896466,0.8141796702381876,-0.4457805443636431,0.10887114936167439,Moderate,['High amendment rate']
2025-08-01,265,C028,77902547,0.001,462135708,92,46781118,0.01,0.652,0.338,0.081,0.516,0.728,32,4284,0.671,-1.7048678298002629,-0.48911594804261305,0.6635314540036136,1.0484824864511775,1.194904023676163,0.1425868372576157,Moderate,['No alerts']
2025-08-01,279,C029,88610445,0.695,841203883,121,78889684,0.031,0.857,0.112,0.044,0.188,0.83,90,2066,0.75,1.7260977663760257,-0.05421251476427267,-0.903808410325615,-0.18997525638891063,-0.5906888967911039,-0.0025174623787753035,Moderate,"['High spend volatility', 'High amendment rate']"
2025-08-01,291,C030,69579144,0.488,265141900,197,26679745,0.01,0.533,0.457,0.098,0.117,0.887,47,1085,0.591,0.7027405928767582,-0.48911594804261305,1.4888121790265259,1.6175036115398667,-1.3804394175207653,0.3879002035759545,High Risk,"['Low invoice quality', 'High friction']"
2025-08-01,301,C031,98339953,0.124,654740304,7,65392324,0.01,0.673,0.317,0.089,0.309,0.484,4,2748,0.818,-1.0967860310543212,-0.48911594804261305,0.5178936789995701,1.3162571335517368,-0.04164725037150246,0.04132031661657404,Moderate,['Low invoice quality']
2025-08-01,312,C032,13663005,0.064,21281527,118,2252658,0.01,0.58,0.41,0.024,0.75,0.78,73,4795,0.41,-1.3934112987352683,-0.48911594804261305,1.1628609683031905,-0.8594118741403094,1.6062827352896767,0.005440916534935303,Moderate,"['High friction', 'Vendor concentration risk']"
2025-08-01,321,C033,70853885,0.381,476793501,38,48883670,0.01,0.649,0.341,0.019,0.429,0.575,6,1463,0.867,0.17375886551240252,-0.48911594804261305,0.6843368504327626,-1.0267710285781593,-1.0761318774230975,-0.34678462761974094,Low Risk,['No alerts']
2025-08-01,324,C034,33175177,0.572,794910948,134,83813769,0.161,0.771,0.068,0.009,0.31,0.447,75,1412,0.615,1.118015967630084,2.6380468341016443,-1.2089542246198013,-1.3614893374538586,-1.1171892439442115,0.013685999142771355,Moderate,"['High spend volatility', 'High amendment rate']"
2025-08-01,355,C036,1625360,0.28,755430328,80,71367417,0.01,0.728,0.262,0.098,0.22,0.308,30,1747,0.939,-0.3255603350838584,-0.48911594804261305,0.1364614111318375,1.6175036115398667,-0.8474986991486594,0.018358008079314668,Moderate,['Low invoice quality']
2025-08-01,361,C037,88161091,0.271,824460594,20,81908203,0.01,0.547,0.443,0.08,0.212,0.328,61,1094,0.665,-0.3700541252360005,-0.48911594804261305,1.3917203290238302,1.0150106555636076,-1.373193999899392,0.03487338228188643,Moderate,['High friction']
2025-08-01,371,C039,34252667,0.43,617023306,209,67389433,0.01,,0.176,0.018,0.663,0.871,84,4781,0.884,0.4160028341185093,-0.48911594804261305,-0.4599599531704354,-1.0602428594657294,1.5950120856564296,0.0003392318192322108,Moderate,['Vendor concentration risk']
2025-08-01,388,C041,12576736,0.607,548502803,46,56937187,0.01,0.863,0.127,0.023,0.555,0.654,15,4501,0.677,1.2910473737773034,-0.48911594804261305,-0.7997814281798699,-0.8928837050278794,1.3695990929914907,0.09577307710368636,Moderate,"['High spend volatility', 'Vendor concentration risk']"
2025-08-01,407,C042,30545735,0.699,287242090,145,29749995,0.033,0.793,0.174,0.004,0.233,0.465,98,1866,0.72,1.7458727842214221,-0.012793140166335452,-0.4738302174565348,-1.5288484918917085,-0.7516981772660604,-0.20425944851184336,Low Risk,"['High spend volatility', 'High amendment rate']"
2025-08-01,411,C043,20485448,0.627,583796642,178,54929669,0.084,0.771,0.145,0.095,0.658,0.698,82,4745,0.438,1.389922463004286,1.0434009120810628,-0.6749490496049756,1.5170881188771566,1.5660304151709374,0.9682985719056934,High Risk,"['Low invoice quality', 'High spend volatility', 'High amendment rate', 'Vendor concentration risk']"
2025-08-01,430,C044,72361737,0.194,408907640,144,41648914,0.01,0.512,0.478,0.074,0.019,0.89,72,1297,0.441,-0.7507232187598828,-0.48911594804261305,1.634449954030569,0.8141796702381876,-1.2097695802173114,-0.0001958245502100997,Moderate,['High friction']
2025-08-01,438,C045,57285054,0.009,781379692,143,76437909,0.01,0.595,0.395,0.03,0.47,0.578,24,1123,0.83,-1.66531779410947,-0.48911594804261305,1.0588339861574454,-0.6585808888148899,-1.3498476542305236,-0.6208056598080102,Low Risk,['High friction']
2025-08-01,448,C046,30557194,0.177,485824627,144,51587204,0.01,0.625,0.365,0.021,0.699,0.727,74,4416,0.628,-0.8347670446028178,-0.48911594804261305,0.8507800218659548,-0.9598273668030193,1.301170148789634,-0.02635203775857229,Moderate,['Vendor concentration risk']
2025-08-01,458,C047,88533742,0.218,72931911,123,6616932,0.01,,0.308,0.099,0.191,0.737,37,1405,0.618,-0.6320731116875039,-0.48911594804261305,0.4554774897121228,1.6509754424274365,-1.122824568760835,-0.027512139270278534,Moderate,['Low invoice quality']
2025-08-01,473,C048,96339661,0.123,236134439,154,25645029,0.01,0.728,0.262,0.075,0.563,0.574,22,4372,0.883,-1.1017297855156702,-0.48911594804261305,0.1364614111318375,0.8476515011257576,1.2657481070851437,0.13180305715689108,Moderate,['No alerts']
2025-08-01,482,C049,3821103,0.647,529748454,55,52999496,0.01,0.577,0.413,0.018,0.04,0.67,22,1340,0.694,1.4887975522312684,-0.48911594804261305,1.1836663647323395,-1.0602428594657294,-1.1751525849151958,-0.010409495091986054,Moderate,"['High spend volatility', 'High friction']"
2025-08-01,489,C050,66628289,0.155,377525171,110,39098382,0.2,0.77,0.03,0.099,0.754,0.878,11,4639,0.486,-0.9435296427524984,3.4457246387614195,-1.472489246055689,1.6509754424274365,1.4806954965192105,0.8322753377799759,High Risk,"['Low invoice quality', 'High amendment rate', 'Vendor concentration risk']"
2025-09-01,19,C002,56143262,0.504,33947717,166,3437423,0.01,0.676,0.314,0.065,0.317,0.605,34,2866,0.372,0.76296793824435,-0.48277429823268975,0.5003476625106273,0.5110840171782219,0.03035979803720338,0.2643970235475426,Moderate,['No alerts']
2025-09-01,26,C003,68712349,0.119,291304145,7,30874146,0.192,,0.057,0.01,0.736,0.796,80,4121,0.456,-1.1124356953559627,3.333812641463005,-1.2960851955152524,-1.3386911449421428,1.0483713840207436,0.12699439793407813,Moderate,['High amendment rate']
2025-09-01,32,C004,30416580,0.622,146062515,120,14538330,0.014,0.821,0.164,0.012,0.354,0.663,70,1458,0.549,1.3377669739971731,-0.3988932665910262,-0.5481540055978626,-1.2714265935923112,-1.1117599733291907,-0.39849337302264354,Low Risk,"['High spend volatility', 'High amendment rate']"
2025-09-01,45,C005,60303236,0.524,259586265,209,27799535,0.01,0.724,0.266,0.047,0.285,0.347,62,2048,0.572,0.8603915036261846,-0.48277429823268975,0.1648271287159106,-0.09429694497026109,-0.633172853225375,-0.037005092817246135,Moderate,['No alerts']
2025-09-01,59,C006,86459315,0.668,696817620,159,70462018,0.01,0.864,0.126,0.031,0.743,0.831,92,4565,0.889,1.5618411743753924,-0.48277429823268975,-0.8137744281853468,-0.6324133557689127,1.4085284710141235,0.20828151264051337,Moderate,"['High spend volatility', 'Vendor concentration risk']"
2025-09-01,62,C007,29671956,0.511,414697001,100,38261531,0.01,0.683,0.307,0.091,0.422,0.585,60,2115,0.419,0.7970661861279921,-0.48277429823268975,0.4514175846655644,1.3855231847260305,-0.5788248243322298,0.31448156659093346,Moderate,['Low invoice quality']
2025-09-01,78,C008,80599277,0.003,752174886,157,78256612,0.01,0.667,0.323,0.002,0.413,0.832,92,1246,0.614,-1.677492374570602,-0.48277429823268975,0.5632577625971368,-1.6077493503414686,-1.2837268707224263,-0.8976970262540099,Low Risk,['No alerts']
2025-09-01,82,C009,47166765,0.223,166920933,213,15299464,0.064,0.783,0.153,0.055,0.239,0.438,53,2403,0.317,-0.6058331553704236,0.6496196289297691,-0.6250441279258186,0.1747612604290647,-0.3452094165527401,-0.15034116209802972,Moderate,['High amendment rate']
2025-09-01,90,C010,83354242,0.017,234043437,116,22109285,0.137,,0.022,0.063,0.564,0.871,85,4394,0.406,-1.609295878803318,2.1804484563901303,-1.5407355847405666,0.4438194658283905,1.2698193226450516,0.14881115626393754,Moderate,"['High amendment rate', 'Vendor concentration risk']"
2025-09-01,100,C011,11825429,0.614,147645764,133,16139228,0.01,0.826,0.164,0.021,0.51,0.899,15,4841,0.426,1.2987975478444393,-0.48277429823268975,-0.5481540055978626,-0.9687361125180698,1.632409903469468,0.186308606993057,Moderate,"['High spend volatility', 'Vendor concentration risk']"
2025-09-01,107,C012,98647394,0.235,722068770,164,66958738,0.154,0.824,0.021,0.081,0.649,0.677,74,4795,0.352,-0.547379016141323,2.5369428408672006,-1.5477255958612899,1.0492004279768736,1.595096331393577,0.6172269976470076,High Risk,"['Low invoice quality', 'High amendment rate', 'Vendor concentration risk']"
2025-09-01,121,C014,22182699,0.038,723024226,156,67387555,0.01,0.713,0.277,0.047,0.216,0.805,42,2375,0.326,-1.507001135152392,-0.48277429823268975,0.2417172510438666,-0.09429694497026109,-0.3679220256424128,-0.44205543059077784,Low Risk,['No alerts']
2025-09-01,149,C016,27093061,0.153,580790495,211,58301244,0.01,0.739,0.251,0.013,0.433,0.881,16,2937,0.408,-0.9468156342068441,-0.48277429823268975,0.05997696190506151,-1.2377943179173958,0.08795248537173035,-0.5038909606160276,Low Risk,['No alerts']
2025-09-01,159,C017,86724858,0.484,817990039,160,85166814,0.01,0.781,0.209,0.098,0.552,0.705,47,4346,0.35,0.6655443728625156,-0.48277429823268975,-0.23360350516531578,1.6209491144504409,1.2308834213484698,0.5601998210526842,High Risk,"['Low invoice quality', 'Vendor concentration risk']"
2025-09-01,176,C019,73818683,0.478,730756900,201,69008790,0.039,0.817,0.145,0.034,0.656,0.747,40,4160,0.829,0.6363173032479652,0.12536318116937145,-0.6809642168916049,-0.5315165287441654,1.080006803824216,0.12584130852115646,Moderate,['High amendment rate']
2025-09-01,194,C021,58799145,0.695,232710528,172,23713332,0.047,0.927,0.026,0.01,0.597,0.625,64,4336,0.905,1.6933629876408685,0.2931252444526987,-1.5127755402576735,-1.3386911449421428,1.2227717752450153,0.07155866442775323,Moderate,"['High spend volatility', 'High amendment rate', 'Vendor concentration risk']"
2025-09-01,211,C022,2178154,0.648,396384617,105,41169555,0.01,0.597,0.393,0.07,0.421,0.837,11,1907,0.427,1.4644176089935579,-0.48277429823268975,1.0525585410477656,0.6792453955528007,-0.7475470632840835,0.3931800368154702,High Risk,"['High spend volatility', 'High friction']"
2025-09-01,225,C024,31520567,0.634,881336350,40,90097283,0.01,,0.222,0.059,0.236,0.45,41,2651,0.37,1.3962211132262738,-0.48277429823268975,-0.1427333605959132,0.3092903631287275,-0.14404059318706844,0.187192644867866,Moderate,['High spend volatility']
2025-09-01,241,C026,56987350,0.404,459528417,206,46057815,0.01,0.694,0.296,0.065,0.033,0.802,32,1562,0.837,0.27585011133517806,-0.48277429823268975,0.3745274623376084,0.5110840171782219,-1.027398853853264,-0.06974231224698904,Moderate,['No alerts']
2025-09-01,263,C028,62868939,0.304,680537444,187,73716057,0.01,0.905,0.085,0.092,0.654,0.735,67,4316,0.652,-0.2112677155739942,-0.48277429823268975,-1.1003648841350009,1.4191554604009464,1.2065484830381064,0.16625940909947357,Moderate,"['Low invoice quality', 'Vendor concentration risk']"
2025-09-01,280,C029,36815847,0.157,567388270,215,52743843,0.01,0.509,0.481,0.067,0.758,0.84,54,4178,0.994,-0.9273309211304772,-0.48277429823268975,1.6676795196714127,0.5783485685280535,1.0946077668104341,0.3861061271293467,High Risk,['High friction']
2025-09-01,282,C030,72146551,0.513,259055354,176,24456680,0.01,0.607,0.383,0.082,0.09,0.837,56,2631,0.529,0.8068085426661755,-0.48277429823268975,0.9826584298405328,1.0828327036517893,-0.16026388539397746,0.4458522985063661,High Risk,"['Low invoice quality', 'High friction']"
2025-09-01,304,C031,14283336,0.014,258201510,43,23634825,0.01,0.756,0.234,0.026,0.685,0.708,89,3529,0.375,-1.6239094136105932,-0.48277429823268975,-0.05885322714723394,-0.8005747341434913,0.568161934696237,-0.4795899476875542,Low Risk,['No alerts']
2025-09-01,308,C032,92830456,0.682,181144874,26,16386586,0.01,0.56,0.43,0.028,0.368,0.716,85,2876,0.354,1.6300376701426766,-0.48277429823268975,1.3111889525145262,-0.7333101827936598,0.03847144414065788,0.3527227171543023,Moderate,"['High spend volatility', 'High friction']"
2025-09-01,320,C033,79464017,0.163,583265270,186,58788855,0.01,,0.467,0.057,0.554,0.739,78,4489,0.421,-0.8981038515159268,-0.48277429823268975,1.5698193639812874,0.2420258117788962,1.3468799606278694,0.35556939732788734,High Risk,"['High friction', 'Vendor concentration risk']"
2025-09-01,323,C034,49406120,0.021,310291041,77,28705406,0.025,0.821,0.154,0.038,0.246,0.505,93,2276,0.818,-1.5898111657269511,-0.16822042957645117,-0.6180541168050954,-0.39698742604450266,-0.4482273220666123,-0.6442600920439225,Low Risk,['High amendment rate']
2025-09-01,341,C035,10910582,0.082,378381379,209,34838073,0.01,0.786,0.204,0.004,0.386,0.542,15,2562,0.695,-1.292669291312356,-0.48277429823268975,-0.2685535607689321,-1.5404847989916373,-0.21623424350781353,-0.7601432385626856,Low Risk,['No alerts']
2025-09-01,368,C038,78487035,0.181,853713212,153,80959618,0.01,0.613,0.377,0.072,0.066,0.738,27,2326,0.507,-0.8104226426722759,-0.48277429823268975,0.9407183631161932,0.7465099469026318,-0.40766909154933983,-0.002727544487096112,Moderate,['High friction']
2025-09-01,378,C039,85027518,0.171,535924677,187,54001297,0.061,0.773,0.165,0.073,0.661,0.9,94,4537,0.314,-0.859134425363193,0.5867088551985213,-0.5411639944771394,0.7801422225775475,1.385815861924451,0.2704737039720375,Moderate,"['Low invoice quality', 'High amendment rate', 'Vendor concentration risk']"
2025-09-01,393,C041,58976103,0.551,489720532,63,51241727,0.01,0.725,0.265,0.017,0.011,0.827,20,2796,0.855,0.9919133168916612,-0.48277429823268975,0.15783711759518732,-1.1032652152177327,-0.02642172468697815,-0.09254216073011039,Moderate,['High spend volatility']
2025-09-01,406,C042,62907224,0.509,641148365,61,63459029,0.01,0.734,0.256,0.013,0.397,0.512,11,2321,0.757,0.7873238295898086,-0.48277429823268975,0.09492701750867787,-1.2377943179173958,-0.4117249146010671,-0.25000853673053325,Moderate,['No alerts']
2025-09-01,418,C043,60081929,0.368,99096726,93,9569112,0.069,0.905,0.026,0.025,0.096,0.854,37,2106,0.448,0.10048769364787594,0.7544709184818487,-1.5127755402576735,-0.8342070098184069,-0.586125305825339,-0.41562984875433895,Low Risk,['High amendment rate']
2025-09-01,423,C044,57882219,0.162,884293602,157,83958374,0.01,0.635,0.355,0.076,0.572,0.612,54,4777,0.848,-0.9029750297850185,-0.48277429823268975,0.7869381184602812,0.8810390496022948,1.580495368407359,0.3725446416904454,High Risk,"['Low invoice quality', 'High friction', 'Vendor concentration risk']"
2025-09-01,437,C045,61242351,0.268,435873013,157,45751619,0.01,0.527,0.463,0.092,0.047,0.403,11,2683,0.667,-0.3866301332612961,-0.48277429823268975,1.5418593194983943,1.4191554604009464,-0.11808332565601404,0.3947054045498682,High Risk,"['Low invoice quality', 'High friction']"
2025-09-01,451,C046,20398803,0.536,38372926,46,4163765,0.01,0.535,0.455,0.094,0.659,0.695,96,4156,0.803,0.9188456428552852,-0.48277429823268975,1.485939230532608,1.486420011750778,1.0767621453828344,0.8970385464577632,High Risk,"['Low invoice quality', 'High friction']"
2025-09-01,463,C047,50059437,0.655,603940701,202,65036005,0.01,0.702,0.288,0.061,0.142,0.84,22,2749,0.321,1.4985158568772001,-0.48277429823268975,0.3186073733718222,0.376554914478559,-0.06454646137321432,0.32927147702433546,Moderate,['High spend volatility']
2025-09-01,474,C048,76668387,0.214,315710306,31,33648635,0.01,0.754,0.236,0.072,0.195,0.395,69,1767,0.419,-0.6496737597922491,-0.48277429823268975,-0.04487320490578759,0.7465099469026318,-0.8611101087324465,-0.2583842849521082,Low Risk,['No alerts']
2025-09-01,484,C049,9447448,0.236,358199281,25,38171587,0.011,0.928,0.061,0.061,0.427,0.821,10,1071,0.781,-0.5425078378722312,-0.46180404032227385,-1.2681251510323592,0.376554914478559,-1.42568067753288,-0.6643125584562372,Low Risk,['No alerts']
2025-09-01,488,C050,84808352,0.692,653189672,115,62989868,0.01,0.625,0.365,0.061,0.019,0.315,88,2646,0.789,1.6787494528335933,-0.48277429823268975,0.8568382296675139,0.376554914478559,-0.14809641623879571,0.4562543765016362,High Risk,"['High spend volatility', 'High friction']"
2025-10-01,11,C002,29558305,0.542,383310029,128,38708878,0.01,0.733,0.257,0.048,0.015,0.502,84,1496,0.307,0.9223346133525026,-0.47636343243914153,0.08344809779470296,-0.0964790222946553,-1.0517898760110385,-0.12376992391952597,Moderate,['No alerts']
2025-10-01,22,C003,77768943,0.212,662219455,172,66128636,0.053,0.88,0.066,0.066,0.5,0.666,92,3543,0.619,-0.683172889623675,0.4453325322528826,-1.261910990847124,0.5094543364240306,0.606220607227276,-0.07681528091332195,Moderate,['High amendment rate']
2025-10-01,35,C004,70782058,0.633,430473634,67,40209078,0.01,0.618,0.372,0.1,0.152,0.432,62,1037,0.387,1.3650654702338119,-0.47636343243914153,0.8934810569245987,1.6539951251148814,-1.4235665305329663,0.40252233786023695,High Risk,"['Low invoice quality', 'High spend volatility']"
2025-10-01,40,C005,98091072,0.063,34040778,158,3226588,0.01,0.514,,0.095,0.536,0.81,6,4247,0.968,-1.4080838530886761,-0.47636343243914153,,1.4856803032485797,1.1764401383458756,0.19441828901665942,Moderate,"['Low invoice quality', 'Vendor concentration risk']"
2025-10-01,54,C006,63530967,0.219,767296283,12,72332397,0.033,0.842,0.125,0.054,0.046,0.396,99,2685,0.981,-0.6491166698635742,0.01663673472170862,-0.8463288639891775,0.10549876394490658,-0.08873444632351724,-0.29240889630193073,Low Risk,['High amendment rate']
2025-10-01,65,C007,27669013,0.327,390822277,79,40818309,0.01,0.501,0.489,0.066,0.164,0.66,52,1188,0.883,-0.12367785070773427,-0.47636343243914153,1.7176015457784926,0.5094543364240306,-1.3012609208754258,0.0651507356360443,Moderate,['High friction']
2025-10-01,80,C008,78980582,0.108,308716191,196,28198270,0.01,0.602,0.388,0.059,0.674,0.818,90,4095,0.956,-1.189151011773743,-0.47636343243914153,1.0061812947165842,0.27381358581120807,1.0533245577634507,0.1335609988156717,Moderate,"['High friction', 'Vendor concentration risk']"
2025-10-01,109,C012,36379716,0.667,336975451,173,31246240,0.107,0.867,0.026,0.015,0.451,0.493,12,1864,0.585,1.5304813947828726,1.6028111855870526,-1.5436615853270879,-1.207356846612246,-0.7537205756535886,-0.07428928544459941,Moderate,"['High spend volatility', 'High amendment rate']"
2025-10-01,114,C013,20314328,0.255,188279661,20,17292655,0.01,0.8,0.19,0.098,0.365,0.782,5,1430,0.885,-0.4739703968116275,-0.47636343243914153,-0.38848414795923636,1.5866691963683608,-1.105247957053407,-0.17147934757901034,Low Risk,['Low invoice quality']
2025-10-01,128,C014,15459182,0.595,570645027,7,60903721,0.01,0.517,0.473,0.077,0.41,0.475,18,1815,0.819,1.180188848678979,-0.47636343243914153,1.6049013079865069,0.879746944529894,-0.793409150972923,0.47901290355666315,High Risk,"['High spend volatility', 'High friction']"
2025-10-01,137,C015,51510970,0.503,565915665,87,52351636,0.01,0.666,0.324,0.08,0.696,0.765,8,3567,0.925,0.7325928175462268,-0.47636343243914153,0.5553803435486423,0.980735837649675,0.625659909424501,0.4836010951459807,High Risk,['Low invoice quality']
2025-10-01,148,C016,44535968,0.159,104403624,172,11237441,0.01,0.7,0.29,0.099,0.138,0.768,34,1602,0.746,-0.9410271249501518,-0.47636343243914153,0.31589233824067287,1.6203321607416212,-0.9659329579732947,-0.08941980327605878,Moderate,['Low invoice quality']
2025-10-01,160,C017,62739731,0.207,850241277,202,79892839,0.177,0.808,0.015,0.057,0.58,0.65,96,3979,0.949,-0.7074987608808897,3.1032464769461616,-1.6211429988090778,0.20648765706468764,0.9593679304768633,0.388092060959549,High Risk,"['High amendment rate', 'Vendor concentration risk']"
2025-10-01,169,C018,43813925,0.619,300128861,197,28171608,0.01,0.555,0.435,0.074,0.456,0.607,57,1843,0.463,1.2969530307136103,-0.47636343243914153,1.3372382432305416,0.7787580514101129,-0.7707299650761605,0.4331711855677926,High Risk,"['High spend volatility', 'High friction']"
2025-10-01,178,C019,26622122,0.619,720337851,154,76735567,0.01,,0.253,0.004,0.487,0.517,33,1320,0.573,1.2969530307136103,-0.47636343243914153,0.05527303834670656,-1.5776494547181092,-1.1943447587906884,-0.37922631537752444,Low Risk,['High spend volatility']
2025-10-01,184,C020,17028144,0.303,702983369,65,73077564,0.01,0.782,0.208,0.097,0.39,0.652,51,2319,0.696,-0.24044203274236545,-0.47636343243914153,-0.2616963804432527,1.5530062319951006,-0.3851838048311983,0.03786411630782851,Moderate,['Low invoice quality']
2025-10-01,196,C021,41257043,0.313,285152457,45,28260123,0.01,0.623,0.367,0.096,0.212,0.792,10,1936,0.42,-0.19179029022793578,-0.47636343243914153,0.8582622326146032,1.5193432676218401,-0.6954026690619137,0.20280982170149048,Moderate,['Low invoice quality']
2025-10-01,212,C022,34285114,0.215,309676759,207,29011098,0.082,0.826,0.092,0.055,0.05,0.544,22,2285,0.508,-0.668577366869346,1.066941438673085,-1.0787731044351476,0.13916172831816692,-0.41272281627726704,-0.1907940241181017,Low Risk,['High amendment rate']
2025-10-01,219,C023,52582528,0.473,845464685,174,79196433,0.06,0.823,0.117,0.002,0.342,0.557,17,2582,0.863,0.5866375900029379,0.5953760613887935,-0.90267898288517,-1.64497538346463,-0.1721614515866078,-0.3075604333089353,Low Risk,['High amendment rate']
2025-10-01,223,C024,76248939,0.41,348733746,85,32529173,0.01,0.643,0.347,0.074,0.112,0.865,5,2595,0.511,0.28013161216203136,-0.47636343243914153,0.7173869353746212,0.7787580514101129,-0.16163182956311095,0.22765626738890257,High Risk,['No alerts']
2025-10-01,239,C025,42777136,0.225,289105367,125,30584269,0.01,,0.279,0.039,0.559,0.642,79,4278,0.902,-0.6199256243549164,-0.47636343243914153,0.23841092475868317,-0.39944570165399823,1.2015492370172913,-0.011154919334416346,Moderate,['Vendor concentration risk']
2025-10-01,243,C026,29371036,0.444,834034380,115,85870374,0.01,0.707,0.283,0.059,0.252,0.635,76,1400,0.318,0.44554753671109215,-0.47636343243914153,0.26658598420667917,0.27381358581120807,-1.1295470847999385,-0.12399268210202012,Low Risk,['No alerts']
2025-10-01,255,C027,44647343,0.03,232856428,123,25189877,0.01,0.603,0.387,0.057,0.385,0.495,5,2095,0.634,-1.5686346033862937,-0.47636343243914153,0.9991375298545851,0.20648765706468764,-0.5666172920052982,-0.28119802818229206,Low Risk,['High friction']
2025-10-01,264,C028,30149800,0.236,483812008,177,44336692,0.01,0.712,0.278,0.088,0.755,0.787,40,4810,0.726,-0.5664087075890438,-0.47636343243914153,0.23136715989668405,1.2500395526357573,1.6324537690557783,0.4142176683120068,High Risk,"['Low invoice quality', 'Vendor concentration risk']"
2025-10-01,281,C029,34884294,0.327,885350462,181,90996540,0.01,0.833,0.157,0.062,0.793,0.846,54,4692,0.377,-0.12367785070773427,-0.47636343243914153,-0.6209283884052065,0.37480247893098917,1.5368771999194222,0.13814200145966585,Moderate,['Vendor concentration risk']
2025-10-01,292,C030,22423182,0.555,855639293,88,79724962,0.129,0.782,0.089,0.073,0.304,0.721,62,1397,0.699,0.9855818786212611,2.074376562871344,-1.0999043990211448,0.7450950870368526,-1.1319769975745915,0.3146344263867443,High Risk,['High amendment rate']
2025-10-01,305,C031,84068594,0.398,496322930,138,46467019,0.01,0.782,0.208,0.029,0.145,0.646,14,1537,0.301,0.22174952114471602,-0.47636343243914153,-0.2616963804432527,-0.7360753453866014,-1.018581068090779,-0.4541933410430117,Low Risk,['No alerts']
2025-10-01,306,C032,36052244,0.088,720454219,8,72014778,0.01,0.499,0.491,0.041,0.552,0.805,10,4653,0.433,-1.2864544968026022,-0.47636343243914153,1.7316890755024907,-0.3321197729074775,1.5052883338489316,0.22840794144044024,High Risk,"['High friction', 'Vendor concentration risk']"
2025-10-01,318,C033,76433420,0.278,305885243,124,32409806,0.092,0.794,0.114,0.033,0.755,0.772,29,4239,0.835,-0.3620713890284393,1.281289337438672,-0.9238102774711674,-0.60142348789356,1.1699603709468007,0.1127889107984612,Moderate,"['High amendment rate', 'Vendor concentration risk']"
2025-10-01,326,C034,89687688,0.423,50865736,152,5245041,0.01,0.632,0.358,0.036,0.38,0.831,78,1097,0.988,0.3433788774307899,-0.47636343243914153,0.7948683488566113,-0.5004345947737793,-1.374968275039904,-0.2427038151930847,Low Risk,['No alerts']
2025-10-01,339,C035,42445110,0.624,237543108,183,23443090,0.01,0.595,0.395,0.096,0.016,0.352,13,1998,0.475,1.321278901970825,-0.47636343243914153,1.055487648750578,1.5193432676218401,-0.6451844717190824,0.5549123828370038,High Risk,"['Low invoice quality', 'High spend volatility', 'High friction']"
2025-10-01,352,C036,2460855,0.556,396587973,96,40944315,0.01,0.689,0.301,0.011,0.205,0.335,39,2770,0.81,0.9904470528727041,-0.47636343243914153,0.393373751722663,-1.3420087041052873,-0.019886917708345414,-0.09088764993148142,Moderate,['No alerts']
2025-10-01,359,C037,63246849,0.018,58845326,115,6463649,,0.896,0.094,0.073,0.378,0.397,27,1524,0.81,-1.6270166944036093,,-1.0646855747111494,0.7450950870368526,-1.029110690114276,-0.7439294680480455,Low Risk,['No alerts']
2025-10-01,365,C038,94223146,0.594,20966648,121,2149043,0.01,0.754,0.236,0.065,0.59,0.848,39,4836,0.81,1.1753236744275362,-0.47636343243914153,-0.06447096430727814,0.4757913720507702,1.6535130131027722,0.5527587325669318,High Risk,['Vendor concentration risk']
2025-10-01,373,C039,11981766,0.659,773932154,157,77127837,0.01,0.745,0.245,0.039,0.269,0.745,88,2000,0.353,1.491560000771329,-0.47636343243914153,-0.0010770805492862398,-0.39944570165399823,-0.6435645298693137,-0.005778148748082157,Moderate,['High spend volatility']
2025-10-01,382,C040,86138068,0.357,97591742,205,9252636,0.065,0.859,0.075,0.01,0.633,0.758,93,3703,0.54,0.022277376835554433,0.7025500107715872,-1.1985171070891323,-1.3756716684785475,0.735815955208776,-0.22270908655035243,Low Risk,"['High amendment rate', 'Vendor concentration risk']"
2025-10-01,396,C041,51710845,0.669,757766551,81,73462950,0.01,0.795,0.195,0.041,0.521,0.556,3,3591,0.337,1.5402117432857587,-0.47636343243914153,-0.35326532364924085,-0.3321197729074775,0.645099211621726,0.20471248518232493,Moderate,"['High spend volatility', 'Vendor concentration risk']"
2025-10-01,398,C042,24790903,0.56,785067172,125,75280358,0.01,0.717,0.273,0.069,0.428,0.672,77,1015,0.629,1.0099077498784759,-0.47636343243914153,0.19614833558668857,0.6104432295438116,-1.4413858908804225,-0.020250001662117566,Moderate,['No alerts']
2025-10-01,417,C043,62946339,0.657,877454811,168,88977842,0.01,0.604,0.386,0.064,0.694,0.837,97,4600,0.665,1.481829652268443,-0.47636343243914153,0.9920937649925861,0.4421284076775098,1.4623598748300597,0.7804096534658915,High Risk,"['High spend volatility', 'High friction', 'Vendor concentration risk']"
2025-10-01,425,C044,65689262,0.327,158792887,207,15783106,0.01,0.599,0.391,0.066,0.305,0.586,4,1452,0.919,-0.12367785070773427,-0.47636343243914153,1.0273125893025816,0.5094543364240306,-1.087428596705951,-0.030140590825242897,Moderate,['High friction']
2025-10-01,441,C045,45427537,0.685,894631089,22,89414029,0.01,0.73,0.26,0.056,0.35,0.474,33,2386,0.793,1.6180545313088461,-0.47636343243914153,0.10457939238070026,0.17282469269142728,-0.3309157528639452,0.2176358862155774,Moderate,['High spend volatility']
2025-10-01,446,C046,18719544,0.662,260045058,133,25141161,0.01,0.812,0.178,0.097,0.285,0.874,40,1172,0.967,1.5061555235256578,-0.47636343243914153,-0.47300932630322556,1.5530062319951006,-1.3142204556735757,0.15911370822096313,Moderate,"['Low invoice quality', 'High spend volatility']"
2025-10-01,459,C047,89883801,0.644,645612751,121,62289754,0.01,0.743,0.247,0.031,0.052,0.741,16,2308,0.507,1.4185823869996845,-0.47636343243914153,0.01301044917471196,-0.6687494166400808,-0.3940934850049264,-0.021522699581950445,Moderate,['High spend volatility']
2025-10-01,468,C048,39291459,0.295,230834671,155,23768993,0.01,0.632,0.358,0.079,0.42,0.571,22,1587,0.656,-0.2793634267539092,-0.47636343243914153,0.7948683488566113,0.9470728732764147,-0.9780825218465603,0.0016263682186829832,Moderate,['Low invoice quality']
2025-10-01,487,C049,11597977,0.166,185667903,64,19279257,0.01,0.525,0.465,0.096,0.032,0.775,36,1865,0.455,-0.9069709051900511,-0.47636343243914153,1.5485511890905146,1.5193432676218401,-0.7529106047287043,0.18632990287089155,Moderate,"['Low invoice quality', 'High friction']"
2025-10-01,498,C050,59563491,0.171,236649537,123,25642830,0.01,0.532,0.458,0.009,0.086,0.626,45,1461,0.787,-0.8826450339328362,-0.47636343243914153,1.4992448350565208,-1.4093346328518077,-1.0801388583819915,-0.46984742450985123,Low Risk,['High friction']
2025-11-01,7,C001,73495009,0.577,840266208,88,89961225,0.01,0.786,,0.096,0.359,0.499,17,1360,0.603,1.1132277636027872,-0.48656874539106953,,1.5117363641538162,-1.1764204292571752,0.2404937382770897,Moderate,"['Low invoice quality', 'High spend volatility']"
2025-11-01,16,C002,52145039,0.041,750755215,157,78309364,0.017,0.811,0.172,0.096,0.567,0.744,55,3804,0.581,-1.5165691510445267,-0.33642645265849175,-0.5164801843558662,1.5117363641538162,0.8014264332619492,-0.011262598128623801,Moderate,['Low invoice quality']
2025-11-01,24,C003,3586355,0.069,107814112,183,11294060,0.01,0.729,0.261,0.07,0.182,0.665,92,1236,0.548,-1.3791917002793683,-0.48656874539106953,0.1112081134880918,0.6332068096933248,-1.276769451741779,-0.47962299484616,Low Risk,['No alerts']
2025-11-01,39,C004,25823105,0.471,59832919,40,5714532,0.111,0.755,0.134,0.031,0.625,0.842,58,3554,0.693,0.5931559857061169,1.6797700497504107,-0.7844819295027244,-0.6845875219974129,0.5991098556720224,0.2805932879256825,Moderate,"['High spend volatility', 'High amendment rate']"
2025-11-01,56,C006,94556798,0.427,749313899,132,74623477,0.1,0.808,0.092,0.074,0.404,0.716,46,2275,0.635,0.37727713450372563,1.4438321611706453,-1.0806943846650416,0.7683652026872462,-0.4359417552780431,0.21456767168370647,Moderate,['High amendment rate']
2025-11-01,75,C008,37077909,0.082,517843573,190,51180209,0.033,0.937,0.03,0.024,0.012,0.692,22,1888,0.487,-1.3154093124241164,0.0067559307302576055,-1.5179603899046528,-0.921114709736776,-0.7491278173872498,-0.8993712597445075,Low Risk,['No alerts']
2025-11-01,85,C009,34620949,0.099,561832914,167,61630644,0.083,0.758,0.159,0.054,0.594,0.664,22,4004,0.591,-1.2320015744595558,1.0792008788200993,-0.6081649919061071,0.09257323771763734,0.9632796953338906,0.05897744910119287,Moderate,['High amendment rate']
2025-11-01,101,C011,37013989,0.447,547240910,126,56761448,0.01,0.811,0.179,0.075,0.601,0.735,61,4671,0.591,0.47540388505026726,-0.48656874539106953,-0.4671114418288133,0.8021548009357267,1.5030603243438152,0.36538776462198524,High Risk,['Vendor concentration risk']
2025-11-01,104,C012,23925417,0.168,181804867,66,18632451,0.01,,0.35,0.096,0.781,0.832,8,3847,0.663,-0.8934642850739876,-0.48656874539106953,0.7388964113320494,1.5117363641538162,0.8362248846074166,0.341364925925645,High Risk,['Low invoice quality']
2025-11-01,124,C014,81080835,0.369,411948337,97,41453610,0.01,,0.149,0.055,0.673,0.824,45,3791,0.93,0.09270955791875508,-0.48656874539106953,-0.6786917669447541,0.12636283596611783,0.790905971227273,-0.031056429444735544,Moderate,['No alerts']
2025-11-01,134,C015,94195665,0.314,679393342,218,65089093,0.01,0.549,0.441,0.096,0.635,0.71,49,4595,0.927,-0.17713900608423422,-0.48656874539106953,1.3806900641837367,1.5117363641538162,1.4415560847564775,0.7340549523237453,High Risk,"['Low invoice quality', 'High friction', 'Vendor concentration risk']"
2025-11-01,144,C016,42774281,0.436,438386380,36,47568581,0.01,0.61,0.38,0.061,0.025,0.456,47,1580,0.641,0.42143417224966934,-0.48656874539106953,0.9504767364479905,0.32910042545700047,-0.9983818409780395,0.04321214955711026,Moderate,['High friction']
2025-11-01,155,C017,81509778,0.443,754445989,65,81258602,0.01,0.673,,0.048,0.413,0.583,61,1135,0.968,0.45577853494095893,-0.48656874539106953,,-0.1101643517732453,-1.3585053490881092,-0.37486497782786626,Low Risk,['No alerts']
2025-11-01,170,C018,63436428,0.017,756600292,37,80656495,0.01,0.658,0.332,0.008,0.748,0.825,36,3713,0.746,-1.6343212517003765,-0.48656874539106953,0.6119482162624852,-1.4617482817124632,0.7277831990192158,-0.4485813727044416,Low Risk,['No alerts']
2025-11-01,181,C019,67790910,0.413,806181059,90,82152280,0.01,0.818,0.172,0.034,0.705,0.884,53,4215,0.819,0.30858840912114643,-0.48656874539106953,-0.5164801843558662,-0.5832187272519715,1.134034886819789,-0.02872887221159437,Moderate,['Vendor concentration risk']
2025-11-01,183,C020,61362284,0.443,2361350,203,213939,0.01,0.503,0.487,0.04,0.587,0.783,14,4197,0.981,0.45577853494095893,-0.48656874539106953,1.7051132293615126,-0.3804811377610889,1.119468093233314,0.4826619948767254,High Risk,"['High friction', 'Vendor concentration risk']"
2025-11-01,192,C021,88291293,0.35,608738335,73,55154604,0.066,0.9,0.035,0.083,0.537,0.825,67,4221,0.789,-0.0005108551004594949,0.7145695964695531,-1.4826970023853292,1.0724715869235706,1.138890484681947,0.2885447621178564,Moderate,"['Low invoice quality', 'High amendment rate', 'Vendor concentration risk']"
2025-11-01,209,C022,14466410,0.156,459294332,81,50174239,0.01,0.611,0.379,0.028,0.182,0.301,86,1864,0.959,-0.9523403354019127,-0.48656874539106953,0.9434240589441257,-0.7859563167428543,-0.7685502088358828,-0.4099983094855187,Low Risk,['High friction']
2025-11-01,215,C023,19988143,0.179,491435452,91,48125144,0.01,,0.298,0.019,0.661,0.734,43,4773,0.631,-0.8394945722733899,-0.48656874539106953,0.37215718113108537,-1.0900627009791783,1.5856054880005055,-0.09167266990240934,Moderate,['Vendor concentration risk']
2025-11-01,226,C024,15282251,0.405,496362549,158,49499196,0.034,0.829,0.137,0.099,0.151,0.685,84,1106,0.393,0.26933770890253006,0.028204829692054456,-0.7633238969911303,1.6131051588992578,-1.3819740720885407,-0.04693005431716575,Moderate,['Low invoice quality']
2025-11-01,238,C025,44443576,0.187,630386840,147,64054070,0.01,0.65,0.34,0.066,0.785,0.853,41,4214,0.476,-0.8002438720547732,-0.48656874539106953,0.6683696362934027,0.49804841669940286,1.133225620509429,0.2025662112112784,Moderate,['Vendor concentration risk']
2025-11-01,251,C026,5931467,0.672,771273798,197,81851997,0.092,0.796,0.112,0.045,0.48,0.798,97,2589,0.872,1.5793298286988602,1.2722409694762706,-0.9396408345877477,-0.2115331465186867,-0.18183213382509503,0.30371293664872034,High Risk,"['High spend volatility', 'High amendment rate']"
2025-11-01,258,C027,10328557,0.031,458739652,11,44827463,0.109,0.783,0.107,0.08,0.27,0.339,98,2090,0.628,-1.5656325263177975,1.636872251826817,-0.9749042221070712,0.9711027921781291,-0.5856560226945889,-0.10364354542290229,Low Risk,"['Low invoice quality', 'High amendment rate']"
2025-11-01,260,C028,91890450,0.005,47095284,88,4268085,0.06,0.766,0.174,0.074,0.633,0.694,96,4715,0.756,-1.6931973020283015,0.585876202698772,-0.5023748293481368,0.7683652026872462,1.5386680419996424,0.13946746320184447,Moderate,"['High amendment rate', 'Vendor concentration risk']"
2025-11-01,278,C029,76687030,0.377,267318645,44,28406453,0.01,0.645,0.345,0.056,0.323,0.499,23,1697,0.38,0.13196025813737175,-0.48656874539106953,0.7036330238127259,0.1601524342145983,-0.9036976826659538,-0.07890414237846548,Moderate,['No alerts']
2025-11-01,286,C030,67442358,0.285,609546157,195,65626938,0.01,0.658,0.332,0.091,0.357,0.716,34,2943,0.424,-0.3194227943767196,-0.48656874539106953,0.6119482162624852,1.3427883729114138,0.10464814004224131,0.2506786378896702,Moderate,['Low invoice quality']
2025-11-01,300,C031,81125523,0.481,223796629,66,21522002,0.01,0.612,0.378,0.097,0.064,0.374,20,2153,0.65,0.6422193609793878,-0.48656874539106953,0.936371381440261,1.5455259624022968,-0.5346722451419273,0.4205751428577897,High Risk,"['Low invoice quality', 'High spend volatility', 'High friction']"
2025-11-01,316,C032,93997271,0.189,191880319,109,20886374,0.01,0.639,0.351,0.037,0.527,0.706,15,3608,0.544,-0.790431197000119,-0.48656874539106953,0.7459490888359142,-0.4818499325065303,0.6428102364314465,-0.07401810992607163,Moderate,['No alerts']
2025-11-01,327,C034,74088020,0.436,5138958,136,524065,0.01,0.772,0.218,0.057,0.018,0.529,50,1879,0.452,0.42143417224966934,-0.48656874539106953,-0.19205701917809015,0.19394203246307878,-0.7564112141804871,-0.16393215480737972,Low Risk,['No alerts']
2025-11-01,343,C035,51505281,0.621,452744116,172,43206309,0.174,0.808,0.018,0.069,0.171,0.756,73,2023,0.884,1.3291066148051789,3.0310506843436107,-1.6025925199510291,0.5994172114448443,-0.6398768654886893,0.5434210250307829,High Risk,"['High spend volatility', 'High amendment rate']"
2025-11-01,350,C036,7806272,0.659,281961539,112,27411101,0.134,0.762,0.104,0.052,0.457,0.775,96,1488,0.301,1.515547440843608,2.1730947258717377,-0.9960622546186653,0.02499404122067639,-1.0728343415311326,0.3289479223572448,High Risk,"['High spend volatility', 'High amendment rate']"
2025-11-01,356,C037,14911933,0.186,636908303,25,66775948,0.01,0.828,0.162,0.082,0.677,0.739,67,3941,0.73,-0.8051502095821003,-0.48656874539106953,-0.587006959394513,1.03868198867509,0.9122959177812291,0.014450398417727283,Moderate,['Low invoice quality']
2025-11-01,375,C039,10746451,0.126,869811197,32,91584491,0.01,0.686,0.304,0.087,0.236,0.484,35,2388,0.308,-1.099530461221725,-0.48656874539106953,0.41447324615427356,1.2076299799174919,-0.34449466220739616,-0.061698128549685025,Moderate,['Low invoice quality']
2025-11-01,381,C040,88842653,0.528,362193822,130,37951915,0.01,0.592,0.398,0.054,0.744,0.833,52,3595,0.355,0.8728172247637607,-0.48656874539106953,1.077424931517555,0.09257323771763734,0.6322897743967704,0.4377072846009308,High Risk,"['High spend volatility', 'High friction']"
2025-11-01,390,C041,86789882,0.452,345489002,36,35738775,0.01,0.575,0.415,0.004,0.78,0.845,50,4499,0.373,0.4999355726869027,-0.48656874539106953,1.1973204490832545,-1.5969066747063851,1.3638665189619457,0.19552942412692964,Moderate,"['High spend volatility', 'High friction', 'Vendor concentration risk']"
2025-11-01,403,C042,57510022,0.471,851581075,142,85382339,0.01,,0.45,0.056,0.667,0.895,84,4120,0.573,0.5931559857061169,-0.48656874539106953,1.444164161718519,0.1601524342145983,1.0571545873356167,0.5536116847167563,High Risk,"['High spend volatility', 'High friction']"
2025-11-01,415,C043,33403095,0.476,825840647,74,86095479,0.141,0.766,0.093,0.029,0.287,0.448,73,2749,0.319,0.6176876733427524,2.323237018604315,-1.073641707161177,-0.7521667184943738,-0.052349524167541885,0.212553348424795,Moderate,"['High spend volatility', 'High amendment rate']"
2025-11-01,431,C044,93960400,0.451,502822450,71,55131251,0.01,0.616,0.374,0.026,0.067,0.616,24,1307,0.775,0.4950292351595756,-0.48656874539106953,0.9081606714248022,-0.8535355132398152,-1.2193115437062396,-0.23124517915054935,Low Risk,['No alerts']
2025-11-01,439,C045,64848124,0.347,548678066,164,54836152,0.138,0.787,0.076,0.054,0.507,0.883,40,4275,0.416,-0.015229867682440744,2.258890321718925,-1.193537224726877,0.09257323771763734,1.1825908654413713,0.46505746649372315,High Risk,"['High amendment rate', 'Vendor concentration risk']"
2025-11-01,456,C047,16606251,0.341,268648765,166,24991560,0.023,0.891,0.086,0.007,0.387,0.435,63,2944,0.567,-0.04466789284640297,-0.20773305888771076,-1.1230104496882298,-1.4955378799609438,0.10545740635260101,-0.5530983750061373,Low Risk,['No alerts']
2025-11-01,471,C048,83488541,0.349,561805132,89,61487771,0.01,0.517,0.473,0.007,0.195,0.342,12,1555,0.658,-0.005417192627786577,-0.48656874539106953,1.606375744307407,-1.4955378799609438,-1.0186134987370323,-0.27995231448188507,Low Risk,['High friction']
2025-11-01,478,C049,69774738,0.479,503794187,42,54448256,0.01,0.86,0.13,0.014,0.243,0.381,17,1466,0.437,0.6324066859247336,-0.48656874539106953,-0.8126926395181833,-1.2590106922215807,-1.0906382003590462,-0.6033007183130292,Low Risk,['High spend volatility']
2025-11-01,497,C050,52294202,0.031,602259466,40,54220176,0.01,0.53,0.46,0.038,0.68,0.878,29,4920,0.511,-1.5656325263177975,-0.48656874539106953,1.5146909367571662,-0.4480603342580498,1.7045676356233823,0.1437993932827263,Moderate,"['High friction', 'Vendor concentration risk']"
2025-12-01,4,C001,25818236,0.635,661033053,182,61417966,0.01,0.601,0.389,0.054,0.23,0.778,36,1351,0.98,1.4051026033214307,-0.4976072660154857,1.0219169291459893,0.12118222100667723,-1.1999074350783154,0.1701374104760592,Moderate,"['High spend volatility', 'High friction']"
2025-12-01,18,C002,46831905,0.488,40468187,111,3955602,0.136,0.853,0.011,0.001,0.248,0.564,37,2038,0.387,0.6838628512132314,2.179677027929315,-1.6290716581920932,-1.6698545088744983,-0.6400841638807401,-0.21509409036095697,Moderate,['High amendment rate']
2025-12-01,27,C003,55210624,0.143,399110612,39,36509095,0.01,0.909,0.081,0.041,0.371,0.521,16,1851,0.798,-1.0088426894488687,-0.4976072660154857,-1.1381478457220782,-0.3181286750019129,-0.7924669174672708,-0.7510386787311233,Low Risk,['No alerts']
2025-12-01,30,C004,79174240,0.245,165731751,145,17958978,0.01,0.609,0.381,0.014,0.167,0.686,94,2140,0.872,-0.5083906165574651,-0.4976072660154857,0.9658113505779875,-1.230543612865908,-0.556966298288087,-0.3655392886297916,Low Risk,['High friction']
2025-12-01,53,C006,65738216,0.616,856406751,77,88881918,0.01,0.55,0.44,0.066,0.19,0.704,91,2195,0.335,1.3118811387632279,-0.4976072660154857,1.3795899925170003,0.5266999711684529,-0.512147841350872,0.44168319901646474,High Risk,"['Low invoice quality', 'High spend volatility', 'High friction']"
2025-12-01,69,C008,52355311,0.179,278792855,108,28181468,0.01,,0.247,0.06,0.775,0.899,70,3880,0.368,-0.832212546075432,-0.4976072660154857,0.02604290956395815,0.323941096087565,0.8609267029983487,-0.023781820688209176,Moderate,['No alerts']
2025-12-01,94,C010,64984055,0.016,531343074,99,49541084,0.178,0.769,0.053,0.091,0.779,0.833,68,4060,0.844,-1.6319545841273808,3.072105125910915,-1.3345173707100841,1.3715286173388186,1.007605289338325,0.49695341555011874,High Risk,"['Low invoice quality', 'High amendment rate']"
2025-12-01,102,C012,76835205,0.608,160236416,176,15154892,0.05,0.894,0.056,0.029,0.02,0.883,35,2982,0.321,1.2726299957913532,0.35232425587175265,-1.3134777787470835,-0.7236464251636885,0.1291635333689124,-0.05660128377575078,Moderate,['High spend volatility']
2025-12-01,118,C013,58922438,0.231,361956869,187,34991657,0.01,0.545,0.445,0.085,0.295,0.69,36,2682,0.474,-0.5770801167582459,-0.4976072660154857,1.4146559791220015,1.168769742257931,-0.11530077719771444,0.2786875122816973,High Risk,"['Low invoice quality', 'High friction']"
2025-12-01,122,C014,69452923,0.106,646128162,164,63899806,0.18,0.752,0.067,0.009,0.289,0.822,47,2275,0.845,-1.1903792256937895,3.1146017020052774,-1.236332608216081,-1.3995093420999811,-0.44695735853310486,-0.23171536650753582,Moderate,['High amendment rate']
2025-12-01,133,C015,88798019,0.655,737830634,212,67246493,0.057,0.932,0.011,0.042,0.126,0.63,67,2284,0.631,1.5032304607511178,0.5010622722020194,-1.6290716581920932,-0.28433552915509824,-0.43962342921610603,-0.06974757672203205,Moderate,"['High spend volatility', 'High amendment rate']"
2025-12-01,146,C016,87137952,0.642,660145597,167,67830027,0.01,0.768,0.222,0.019,0.392,0.404,9,2351,0.943,1.439447353421821,-0.4976072660154857,-0.14928702346104727,-1.0615778836318348,-0.38502639985622605,-0.13081024390855456,Moderate,['High spend volatility']
2025-12-01,153,C017,86310488,0.617,369235246,195,36366257,0.024,0.803,0.173,0.048,0.416,0.688,26,2677,0.315,1.3167875316347124,-0.20013123335495234,-0.49293369219005806,-0.0815766540742105,-0.11937518237382488,0.08455415392833335,Moderate,['High spend volatility']
2025-12-01,175,C019,76849627,0.452,794492659,205,84640918,0.133,0.823,0.044,0.09,0.091,0.743,99,2086,0.482,0.507232707839795,2.1159321637877726,-1.397636146599086,1.337735471492004,-0.6009698741900797,0.39245886446608114,High Risk,"['Low invoice quality', 'High amendment rate']"
2025-12-01,188,C020,52190896,0.209,214987178,15,20207296,0.01,0.683,0.307,0.016,0.419,0.474,10,2863,0.95,-0.6850207599309016,-0.4976072660154857,0.44683474882397123,-1.1629573211722788,0.03219269017748375,-0.3733115816234422,Low Risk,['No alerts']
2025-12-01,206,C022,24513605,0.338,298626997,101,30861076,0.01,0.585,0.405,0.064,0.548,0.75,58,4302,0.879,-0.05209607950942061,-0.4976072660154857,1.134128086281993,0.4591136794748236,1.2048064998620704,0.4496689840187962,High Risk,"['High friction', 'Vendor concentration risk']"
2025-12-01,221,C024,42626394,0.165,92952680,197,8659325,0.01,0.783,0.207,0.069,0.789,0.83,50,4826,0.355,-0.9009020462762128,-0.4976072660154857,-0.2544849832760506,0.6280794087088969,1.6318041623184454,0.12137785509191867,Moderate,"['Low invoice quality', 'Vendor concentration risk']"
2025-12-01,240,C026,68670954,0.197,210154341,144,22938229,0.01,0.636,0.354,0.068,0.149,0.322,93,2875,0.571,-0.7438974743887138,-0.4976072660154857,0.7764550229109813,0.5942862628620823,0.04197126260014882,0.03424156159380261,Moderate,['Low invoice quality']
2025-12-01,252,C027,97477692,0.224,261681145,212,26432049,0.07,0.803,0.127,0.054,0.68,0.866,32,4437,0.544,-0.6114248668586364,0.7772900168153719,-0.815540768956068,0.12118222100667723,1.3148154396170526,0.15726440832487948,Moderate,"['High amendment rate', 'Vendor concentration risk']"
2025-12-01,262,C028,7885724,0.463,465830632,212,47139384,0.084,0.903,0.013,0.009,0.595,0.674,71,4888,0.569,0.5612030294261229,1.0747660494759053,-1.615045263550093,-1.3995093420999811,1.682326786502215,0.06074825195083382,Moderate,"['High amendment rate', 'Vendor concentration risk']"
2025-12-01,272,C029,96609884,0.146,587210849,139,55914325,0.01,0.901,0.089,0.025,0.309,0.444,22,2054,0.496,-0.9941235108344156,-0.4976072660154857,-1.0820422671540764,-0.8588190085509471,-0.6270460673171866,-0.8119276239744222,Low Risk,['No alerts']
2025-12-01,288,C030,73009964,0.014,46120486,60,4588765,0.01,0.651,0.339,0.03,0.747,0.805,71,4547,0.836,-1.6417673698703494,-0.4976072660154857,0.6712570630959784,-0.6898532793168739,1.4044523534914823,-0.15070369972304967,Moderate,['Vendor concentration risk']
2025-12-01,298,C031,31410973,0.584,338935749,164,30512325,,0.612,0.378,0.04,0.403,0.597,65,2198,0.913,1.1548765668757286,,0.9447717586149867,-0.3519218208487276,-0.5097031982452057,0.30950582659919557,High Risk,"['High spend volatility', 'High friction']"
2025-12-01,313,C032,65826097,0.265,14479454,58,1406409,0.01,0.526,0.464,0.078,0.565,0.802,57,4157,0.789,-0.41026275912777804,-0.4976072660154857,1.5479067282210057,0.9322177213302284,1.0866487497548676,0.5317806348325675,High Risk,"['Low invoice quality', 'High friction', 'Vendor concentration risk']"
2025-12-01,333,C034,23954505,0.35,408345373,206,39417497,0.01,0.596,0.394,0.02,0.049,0.724,75,2169,0.454,0.006780634948391341,-0.4976072660154857,1.0569829157509905,-1.0277847377850202,-0.5333347482666463,-0.19899264027355407,Moderate,['High friction']
2025-12-01,336,C035,64862810,0.695,150552512,213,15501070,0.01,0.662,0.328,0.006,0.582,0.605,65,4040,0.471,1.6994861756104913,-0.4976072660154857,0.594111892564976,-1.500888779640425,0.9913076686338831,0.2572819382306879,High Risk,['High spend volatility']
2025-12-01,347,C036,74350759,0.508,572415027,53,60332814,0.01,0.725,0.265,0.073,0.139,0.448,23,2711,0.562,0.7819907086429184,-0.4976072660154857,0.1522804613419622,0.7632519920961551,-0.09166922717627385,0.22164933377785526,Moderate,"['Low invoice quality', 'High spend volatility']"
2025-12-01,358,C037,84450804,0.268,897400223,9,85251685,0.064,0.831,0.104,0.072,0.544,0.577,69,4697,0.315,-0.395543580513325,0.649800288532286,-0.976844307339073,0.7294588462493404,1.5266845087747958,0.3067111511408048,High Risk,"['Low invoice quality', 'High amendment rate', 'Vendor concentration risk']"
2025-12-01,372,C039,45368104,0.169,2114307,207,218643,0.034,0.833,0.134,0.03,0.568,0.809,13,4185,0.441,-0.8812764747902755,0.012351647116857285,-0.7664483877090664,-0.6898532793168739,1.109465418741086,-0.24315221519165453,Moderate,['Vendor concentration risk']
2025-12-01,389,C041,83012946,0.366,318207249,215,31880507,0.01,0.646,0.344,0.04,0.287,0.867,24,2387,0.726,0.08528292089214098,-0.4976072660154857,0.7063230497009791,-0.3519218208487276,-0.35569068258823083,-0.0827227597718648,Moderate,['No alerts']
2025-12-01,408,C042,8786124,0.042,13623323,206,1435609,0.01,0.568,0.422,0.063,0.47,0.542,56,1174,0.375,-1.5043883694687878,-0.4976072660154857,1.2533524407389962,0.425320533628009,-1.3441413783126253,-0.33349280788597874,Low Risk,['High friction']
2025-12-01,416,C043,69324138,0.295,168075109,120,18297086,0.043,0.796,0.161,0.009,0.03,0.778,97,1594,0.377,-0.2630709729832478,0.20358623954148578,-0.5770920600420606,-1.3995093420999811,-1.0018913435193477,-0.6075954958206303,Low Risk,['No alerts']
2025-12-01,420,C044,95493686,0.604,704605485,113,65055142,0.143,0.804,0.053,0.083,0.246,0.451,7,2351,0.53,1.2530044243054157,2.3284150442595815,-1.3345173707100841,1.1011834505643017,-0.38502639985622605,0.5926118297125977,High Risk,"['Low invoice quality', 'High spend volatility', 'High amendment rate']"
2025-12-01,433,C045,46755993,0.128,426624887,104,44607729,0.129,0.831,0.04,0.013,0.383,0.8,55,2454,0.547,-1.0824385825211338,2.0309390115990484,-1.4256889358830869,-1.2643367587127228,-0.30109365322835085,-0.40852378374924914,Low Risk,['High amendment rate']
2025-12-01,444,C046,36748899,0.321,550149357,73,49536426,0.01,0.569,0.421,0.03,0.18,0.717,94,2632,0.77,-0.1355047583246546,-0.4976072660154857,1.246339243417996,-0.6898532793168739,-0.1560448289588189,-0.04653417783956742,Moderate,['High friction']
2025-12-01,455,C047,69124350,0.125,446111197,130,41351447,0.048,0.832,0.121,0.013,0.786,0.894,10,4698,0.765,-1.097157761135587,0.3098276797773907,-0.8576199528820694,-1.2643367587127228,1.527499389810018,-0.2763574806285941,Low Risk,['Vendor concentration risk']
2025-12-01,476,C048,55255277,0.373,547781657,132,58723658,0.01,0.899,0.091,0.012,0.409,0.777,29,1307,0.595,0.11962767099253145,-0.4976072660154857,-1.0680158725120759,-1.2981299045595374,-1.2357622006280875,-0.7959775145445309,Low Risk,['No alerts']
2025-12-01,485,C049,63124308,0.06,843778616,109,80940740,0.01,0.884,0.106,0.01,0.439,0.709,34,1803,0.522,-1.4160732977820696,-0.4976072660154857,-0.9628179126970725,-1.3657161962531665,-0.831581207157931,-1.014759175981145,Low Risk,['No alerts']
2025-12-01,495,C050,43523808,0.369,114064621,189,11070201,0.01,0.67,0.32,0.0,0.639,0.656,80,4436,0.702,0.10000209950659404,-0.4976072660154857,0.5380063139969742,-1.7036476547213129,1.3140005585818304,-0.049849189730280005,Moderate,['Vendor concentration risk']
